-- phpMyAdmin SQL Dump
-- version 4.8.5
-- https://www.phpmyadmin.net/
--
-- Host: 127.0.0.1
-- Generation Time: Jul 20, 2019 at 10:38 AM
-- Server version: 10.1.38-MariaDB
-- PHP Version: 7.1.26

SET SQL_MODE = "NO_AUTO_VALUE_ON_ZERO";
SET AUTOCOMMIT = 0;
START TRANSACTION;
SET time_zone = "+00:00";


/*!40101 SET @OLD_CHARACTER_SET_CLIENT=@@CHARACTER_SET_CLIENT */;
/*!40101 SET @OLD_CHARACTER_SET_RESULTS=@@CHARACTER_SET_RESULTS */;
/*!40101 SET @OLD_COLLATION_CONNECTION=@@COLLATION_CONNECTION */;
/*!40101 SET NAMES utf8mb4 */;

--
-- Database: `exam_db`
--

-- --------------------------------------------------------

--
-- Table structure for table `examscorebook`
--

CREATE TABLE `examscorebook` (
  `id` int(11) NOT NULL,
  `qualifying_exam_question_count` int(11) NOT NULL,
  `qualifying_exam_question_per_number` double NOT NULL,
  `qualifying_exam_score_cutoff` double NOT NULL,
  `grading_exam_question_count` int(11) NOT NULL,
  `grading_exam_question_per_number` double NOT NULL,
  `grading_exam_question_cutoff` double NOT NULL,
  `created_at` timestamp NULL DEFAULT NULL,
  `updated_at` timestamp NULL DEFAULT NULL
) ENGINE=InnoDB DEFAULT CHARSET=latin1;

--
-- Dumping data for table `examscorebook`
--

INSERT INTO `examscorebook` (`id`, `qualifying_exam_question_count`, `qualifying_exam_question_per_number`, `qualifying_exam_score_cutoff`, `grading_exam_question_count`, `grading_exam_question_per_number`, `grading_exam_question_cutoff`, `created_at`, `updated_at`) VALUES
(1, 10, 2, 6, 20, 2, 20, NULL, NULL);

-- --------------------------------------------------------

--
-- Table structure for table `exam_result`
--

CREATE TABLE `exam_result` (
  `id` int(11) NOT NULL,
  `user_id` int(11) UNSIGNED NOT NULL,
  `qualifying_exam_score` int(11) NOT NULL,
  `qualifying_exam_status` enum('Pass','Failed') NOT NULL,
  `grading_exam_score` int(11) NOT NULL,
  `grading_exam_status` enum('Pass','Failed') NOT NULL,
  `created_at` timestamp NULL DEFAULT NULL,
  `updated_at` timestamp NULL DEFAULT NULL
) ENGINE=InnoDB DEFAULT CHARSET=latin1;

--
-- Dumping data for table `exam_result`
--

INSERT INTO `exam_result` (`id`, `user_id`, `qualifying_exam_score`, `qualifying_exam_status`, `grading_exam_score`, `grading_exam_status`, `created_at`, `updated_at`) VALUES
(1, 2, 2, 'Failed', 0, 'Pass', '2019-07-16 12:18:34', '2019-07-16 12:18:34'),
(2, 4, 4, 'Failed', 0, 'Pass', '2019-07-16 12:40:05', '2019-07-16 12:40:05'),
(3, 5, 2, 'Failed', 0, 'Pass', '2019-07-16 12:51:52', '2019-07-16 12:51:52'),
(4, 6, 2, 'Failed', 0, 'Pass', '2019-07-16 13:01:02', '2019-07-16 13:01:02'),
(5, 7, 0, 'Failed', 0, 'Pass', '2019-07-16 13:01:59', '2019-07-16 13:01:59'),
(6, 10, 6, 'Pass', 0, 'Pass', '2019-07-16 12:47:28', '2019-07-16 12:47:28'),
(7, 18, 0, 'Failed', 0, 'Pass', '2019-07-20 03:24:51', '2019-07-20 03:24:51'),
(8, 19, 0, 'Failed', 0, 'Pass', '2019-07-20 03:25:45', '2019-07-20 03:25:45'),
(9, 20, 0, 'Failed', 0, 'Pass', '2019-07-20 03:27:07', '2019-07-20 03:27:07'),
(10, 21, 0, 'Failed', 0, 'Pass', '2019-07-20 03:31:57', '2019-07-20 03:31:57'),
(11, 22, 0, 'Failed', 0, 'Pass', '2019-07-20 03:43:40', '2019-07-20 03:43:40'),
(12, 23, 2, 'Failed', 0, 'Pass', '2019-07-20 03:48:29', '2019-07-20 03:48:29'),
(13, 24, 4, 'Failed', 0, 'Pass', '2019-07-20 03:54:41', '2019-07-20 03:54:41'),
(14, 25, 0, 'Failed', 0, 'Pass', '2019-07-20 03:57:43', '2019-07-20 03:57:43'),
(15, 26, 0, 'Failed', 0, 'Pass', '2019-07-20 04:01:52', '2019-07-20 04:01:52');

-- --------------------------------------------------------

--
-- Table structure for table `migrations`
--

CREATE TABLE `migrations` (
  `id` int(10) UNSIGNED NOT NULL,
  `migration` varchar(255) COLLATE utf8mb4_unicode_ci NOT NULL,
  `batch` int(11) NOT NULL
) ENGINE=InnoDB DEFAULT CHARSET=utf8mb4 COLLATE=utf8mb4_unicode_ci;

--
-- Dumping data for table `migrations`
--

INSERT INTO `migrations` (`id`, `migration`, `batch`) VALUES
(5, '2014_10_12_000000_create_users_table', 1),
(6, '2014_10_12_100000_create_password_resets_table', 1),
(7, '2019_07_19_132147_create_question_table', 1),
(8, '2019_07_19_132147_create_result_table', 1);

-- --------------------------------------------------------

--
-- Table structure for table `password_resets`
--

CREATE TABLE `password_resets` (
  `email` varchar(255) COLLATE utf8mb4_unicode_ci NOT NULL,
  `token` varchar(255) COLLATE utf8mb4_unicode_ci NOT NULL,
  `created_at` timestamp NULL DEFAULT NULL
) ENGINE=InnoDB DEFAULT CHARSET=utf8mb4 COLLATE=utf8mb4_unicode_ci;

-- --------------------------------------------------------

--
-- Table structure for table `question`
--

CREATE TABLE `question` (
  `id` int(10) UNSIGNED NOT NULL,
  `question` text COLLATE utf8mb4_unicode_ci NOT NULL,
  `answer` longtext COLLATE utf8mb4_unicode_ci,
  `correct_answer` longtext COLLATE utf8mb4_unicode_ci,
  `marks` float DEFAULT NULL,
  `created_at` timestamp NULL DEFAULT NULL,
  `updated_at` timestamp NULL DEFAULT NULL
) ENGINE=InnoDB DEFAULT CHARSET=utf8mb4 COLLATE=utf8mb4_unicode_ci;

--
-- Dumping data for table `question`
--

INSERT INTO `question` (`id`, `question`, `answer`, `correct_answer`, `marks`, `created_at`, `updated_at`) VALUES
(1, '<p><strong>Which of the following describe 5? Select all that apply</strong><br></p>', '{\"answer_1\":\"Integer\",\"answer_2\":\"Rational Number\",\"answer_3\":\"Natural Number\",\"answer_4\":\"Whole Number\"}', '[\"answer_2\"]', 2, NULL, NULL),
(2, '<p>This is my first question</p><p><img data-cke-saved-src=\"data:image/png;base64,iVBORw0KGgoAAAANSUhEUgAAAbwAAAFTCAIAAADNwC7fAAAAAXNSR0IArs4c6QAAAARnQU1BAACxjwv8YQUAAAAJcEhZcwAADsMAAA7DAcdvqGQAADf7SURBVHhe7d3XX1PZ3j/w+S/m8rl8Lp/Lc3kuz+/1PHOERCwIpFGt2B17Fx3bOI46dh0L0ltIIY2EqvSuooIgRZAi1QKc3wpZhs1O2VkbEtrn/VqvmayUvVfyzfeTbIHkp/8AAIDPEJoAAAwQmgAADBCaAAAMEJoAAAwQmgAADJZ/aE5NTQ0OjPd+HP/U82XpjLGx0a/0DgDAYrIAoTk+Pj4UQF1dPRdOFCqCTSqpdamM2FBtZko5vQMsRkdHR0ZGJicn6WMNAPMt0KFJ+rm9vb2ysvIVu5ppdOKzpqZXF04UKCXm6HV5B7dXH95ZyzqO7y3gnePbqDm2p9jlTG/j4Paa2FB7uO/dlK/PraJ3gMWHDx/q6upIdNKHGwDm2wK80yRviN6+fUsnLLqm0QmLJw+KSWKqQhNzcob1+q+so7S0lHeOb2O0qKjG5UxvIy3108YITWyo+c+Lpra2D3T1jEh0IjQB/GdFhGZjfdv+LUURq3KSn/XwcsqXEbDQ3LfdKA/WH9yRV1neSN4z0tUzQmgC+NWKCM2vX79dO18VFWI9fiifl1O+jMCE5pVLVbIg9TalucjW3Nvbi9AEWJxWRGgSOWl1cRusYZK/eVHlywhAaKan98WGaaPW5N+9Yfv+bQKhCbBorZTQrKxo2Cq3KiTGlOSPvMASHAEIze1xaqXEFBP2bHTkC1ktQhNg0VopodnY2LhR8UgltezYks4LLMHh79D87Uxp9DpzxCpNV2efY7UITYBFawWF5rXfc6LX5IdJHut0X3ix5X34NTRTU3p3xhaQt5m3rubRtSI0ARaxFRSaXZ29G8PM0Wttfz9o5SWX9+G/0MzJGT60xyYL1u6MzeT+CRBCE2DRWkGh+fXr192bk8gR+p74XF54eR9+Ck2tZuzalabYDYbNMn1TfdfU1BRdK0ITYBFbWaGZmVqilFg2ybVq9QgvwrwMP4Xm0ydde7fY5BLtw1ulw0PjdKHTEJoAi9bKCs3h4TG5JHNjmO3m9SZehHkZ/gjNzIzB4wdKZEHq0wesba305z9OCE2ARWtlhSY5sXfrM6XUcGC3iZdiXsa8h6ZWO37nr3dR6/TxKoPN/Hpigv/5GghNgEVrxYWmzdKklJj3binOzv7MyzJPY95DMyN9cLMyVy7RXL9U+HnQTcAhNAEWrRUXmoMDYzJJcly46c8rtbws8zTmPTSP/GqRB+clHC5ue//JsTwehCbAorXiQnN8/OuRvRmyYM3xg0W8LPM05jc0k551yYI08UqzQVvD/Yk5F0ITYNFacaFJcqriebtKaj22ryYra5CXaG7H/Ibmmv+9o5KaTh/WOBbmFkITYNFacaFJvG/pU61Jjg7VXL/awEs0t2O+QlOrHT+4x0Dyes9GU3//kGMxbiE0ARatlRiafZ+GLpwyRwTlXjhTS4KMm2tux3yF5p1bb6LWGpRSvUFb5ViJJwhNgEUr0KFJjo57enoaGhpILrBqnkYnjKqrqzs7Ox2nu7q69erGuFDr2aNVuer3ZnOn90FCk3eOL8Ni+VBcXOGcanI7t0frVKvNJw6mO5bhBXlRIdlHJywGBwfJywNCE8B/FiA0SXjV1NS0siNRS9AJo8rKSpJEdNLaWmitJ8fIu2L1SU8qrNa33gcJTd45vo03xcXljtMm08sbvxdvDs/fv9X49g1dgxdNTU319fV0wuLjx4/kIUJoAvjPSjw8J3p7Pl+7+EIWrPv9tyaNZox7EO065n54fu1KY+wGg1ySVWB5RVfgFXnPiMNzgMVphYbmxMSkOr1RIdXs3mxOThL4WOI5hubjR+07Yk2yIN3juxXjY9/oCrxCaAIsWis0NIniglfbVNoISerD+22zw44/5hKaueqR86frVKsNh3fq37z+SPctBKEJsGit3NAc6B++cbFGITHfuPpWq/V2hD6X0Lxz851idaZcklFgefP9+wTdtxCEJsCitXJDk3h0t1QhVW9SZmSkD7hE3swQHZo6bWF8jFYRbEx+VD8+zt+7FwhNgEVrRYemxVi7K9aw/pfElORPLpE3M0SHZkpioSxIf2iHqb72Pd2lbxCaAIvWig7N4eGxa+erVNL8a1e8fbymuNBMSvy4b7MtdoM+O62G7s9nCE2ARWtFhybx952iqLV50eFJvMjjDhGhmZMzvDVSHb3WcuPS87FR+7fyMkFoAixaKz00X5S+3h1r2/DvNC8frykiNM+eeiEPyju0vbC2qoXuiQVCE2DRWumhOT7+9dQBq0pq+S3BYzKyhubtm6/DVqVHrTHmpFfT3TBCaAIsWis9NIlbf5qi1phkIQ952eccTKGZlTm4Lcr+UUanD2uqq2vpPhghNAEWLYTmf5pfdWxXFcmCdWlp7n+GzhSah/dZlVJjhCSxva2nthahCbDcIDT/8/37xPaYDPvHEh90/21rvofm9asNcWEGWZCu/PnbiYkJhCbA8oPQtLt2WUNCUxXq/mfoPoYmOTDfv71EITFdPK2dmppCaAIsSwhNu56eAZXUsim8KOlZFy8KyfAlNLXa8dNHn8uC1FGhKb09w2SbCE2AZQmhSanWPYgMMR3+1chLQzIEQ1On+3L31ttNsrzIkLzSglbH95gjNAGWJYQm9eC2kRxZx8foNbmjvEwUDM201L6j+57Lg/VXz9t6ez47NojQBFiWAh2ai+HrLtx6/frdlgjrzpiStJS3zu+ocAwSmrxzuMNo7LxxpS4iKHtXnLbAWk8319vb3d1dWVlJJ4zIiwrJPjphga+7APC3BQjNxfB1F24d3Zu3Mcz05+V8zldW2AcJTd45zpGf/yYzveZgvGWLzJKWWNnSQjdFvHv3rry8nE4Y4esuABYtHJ7PyE6rJEfoe7cU5uQMcY++vRye56pHd28xyoO1vx3P7+4aoBuahsNzgGUJoTnjQ9uAXJKxWWb56/qsDz3yEppnT5bIgrWHttvqa/kZh9AEWJYQmjMG+kf3bs2QSzSnjpRwk9FTaKal9qrW5G7cYE59Wub6qewITYBlCaE5gwSfUduslFiO7avifuiRp9CMCktWSsz747PHxtxsGaEJsCwhNGdprO+SSZNiwjQ3rjU6w9FtaJ44nB+5Oj96nb6nZ9Y/ZTohNAGWJYTmLB/aPp06qItYlXMhoUan++LIR9fQfPq4Iy7cpJQYk58U0Fu6QGgCLEsIzVm+ffuen9eilJpOHqzKzKDftsYLzazMwZ0b9QpJ3p7N6fRm7iA0AZYlhCZfTWVb7IbMyPVZ9+60OFKSG5oazdjZE2XR64xbFbrOjn56G3cQmgDLEkKTr6uz//Lpooig3OtXmrXacV5o3rvdskVhlkvU2alVE9/tf2PuCUITYFlCaPJ9/z6RndqklOoP7y1yHKE7QzM1pXf/DpssSHvhpK3v0wi9gQcITYBlCaHpRmH+yy1yjXx1SuLTbmdokgPzq5eaItfm7d2UV1PZPjnp7W0mgdAEWJYQmm70fBz442yFPDjv7q33Ot0XR2g+edQZE6aWS3Ky0+rG3f1iJg9CE2BZQmi6Qd5F/n27TCnV7dqiVatHSGhmZ33ev9NMYvTahRefeu2fMSwIoQmwLCE03cvTVm9V5K3/5XF29jAJzft3W2VB2j1xptKiV/QaQhCaAMsSQtO9oc+j549VqKTWB3dbi4tK1v/yKDJEf/9mMb3YBwhNgGUJoenR1Qtm1WrDRlXyg5vFKqnl9IFCkqT0Mh8gNAGWJYSmR+a8mm2K/PX/lxSzzropIq/I1kgv8A1CE2BZQmh6NDIyfiDeopLmR4VY7/1VSM/1GUITYFkKdGhOTU2R4CNpQkKBVdM0OmFUVVXV2tpKJz67dskYFZJ/9kjhy5fN9CyftbW1VVRU0AkjEnwk5emEBUlbfN0FgF8tQGh2d3fX1dU53jYyIVFC0AkjEprt7e104rM3r7uMmg952hI6Z9HR0UFCk04YNTc3k5cHOmHR19dH0hahCeA/ODwXVlpaSk+xwOE5wLKE0BSG0AQAJ4SmMIQmADghNIUhNAHACaEpDKEJAE4ITWEITQBwQmgKQ2gCgBNCUxhCEwCcEJrCEJoA4ITQFIbQBAAnhKYwhCYAOCE0hSE0AcAJoSkMoQkATghNYQhNAHBCaApDaAKAE0JTGEITAJwQmsIQmgDghNAUhtAEAKdAh+bU1FRnZ2dNTU0ru4ZpdMKosrKSJDWdMCKhSU+xePfuXXl5OZ0wampqqq+vpxMWHz9+xHcEAfjVAoQmeRtF3vf1syOpR9AJIxLTJFDohBEJTXqKxadPn6qqquiEEYm/5uZmOmFB3sWTwEVoAvgPDs+F4fAcAJwQmsIQmgDghNAUhtAEACeEpjCEJgA4ITSFITQBwAmhKQyhCQBOCE1hCE0AcEJoCkNoAoATQlMYQhMAnBCawhCaAOCE0BSG0AQAJ4SmMIQmADghNIUhNAHACaEpDKEJAE4ITWEITQBwQmgKQ2gCgBNCUxhCEwCcAh2a+LoLX+DrLgAWrQUITfI2irzvo9/PwIKkHkEnjPB1FwAwL3B4LgyH5wDghNAUhtAEACeEpjCEJgA4ITSFITQBwAmhKQyhCQBOCE1hCE0AcEJoCkNoAoATQlMYQhMAnBCawhCaAOCE0BSG0AQAJ4SmMIQmADghNIUhNAHACaEpDKEJAE4ITWEITQBwQmgKQ2gCgBNCUxhCEwCcEJrCEJoA4ITQFIbQBACnQIfm5ORke3t7ZWUl6W1WNdPohFF5eXlTUxOdMCKhSU+xePnyZVlZGZ0wImlbXV1NJyxI1Pb19ZG8pg83AMy3BXinSd7xkbdC4A/j4+PkZYk+0ADgBwsQmgAASxdCEwCAAUITAIABQhMAgAFCEwCAAUITAIABQhMAgAFCEwCAAUITAIABQhMAgAFCEwCAAUITAIABQhMAgAFCEwCAAUITAIABQhMAgAFCEwCAAUITAIABQhMAgAFCEwCAAUITAIABQhMAgAFCEwCAAUITAIABQhMAgMHcQ7MrMeinoMQuOmNVkvDTTwkldLJcLMs7BQDTPIQmv+3tc5czHHMvoWm/SCA9GPLFflXx6RxIDHdqyWB4bXS5+z48D7yb3oDT0ngSwLLlITR5T3N7G8x6snL6gqGb3FiO+YLQnO+735WY4Nz1nBMYYG48HZ7P6hEyCUpMTJh1hnNCTzty1W6mtWZthLDPnRzPe0eDcS7w3A7cXnScnr1PDxuZuZLd7M3PWtDstzDcizyvafYWftze+51yv2X7bZz7t1/F7cTt7vi83WMuuuEfV6dXdLu82Zt07HjWWtyvkG6B7mj6cjvO1jhn85bj8f5N78HzvQLwM4//pml/7tJnrf1Z6sgATl85n9HTz+GZZzHndm6u53yu/3jv4GgR7g089oP9qty98GezpjMbKUlwLmH6Eo8L4q3Vw/Vm8bAnx3p+bGDW7T1PONuaPt95e3IBZ7tudsfn8R7zOHbD2aLQWmdviJzjvOmsq85eJjHrtrNWxJ1Mb2P2Vtyu3NtdAvA/zz8Imnnqk1P2E/YntfOMmWftrI4gZm436yLO2Vy8s/kb4+JelXcz71OOmfvgbc/kolmL8LQ9T6v1vGn+LTjXnLmInOK8sZ+5iqfdeWW/kbu1E67b45/jdnnukav+uJh392fflnch5yIvO59hP9PrOgD8zXNoOp+05P+OZ+mPE7Ofzb41mv2kSwcQs7flsjEu7lV5N/M+tW+Uw7F9/p54a3XB2d6MmWvOWrTnO0UumXVN7hk/rkb+b/8fvcR+7o9tedidq5krTvNw7R87nOFlea5XJsjFXHSd9nNnPVyc29pPulzmOIO/B/5m7JcjMGHheQlN+iQm//vxRHW00MzTfJqX5zrnIt6NnHidwd8YF/eqvJt5nto3yLlsZvv8BXH27G0R7jj2YUdv5flOkUtmb5l7huNm5NqOc8iUbMTlFq67m81xsZt77ML1Ii/Lc7myfbWcc+xTulPOSQfObe0nXS5znMHfA38zLisAWBBeQtPxLE1I4DzLyfM4IZH33PXyXOde5NJJDryzvTUG96q8m3mekpPuF8vfkw9rFTBzK97tOZvm73X2Ne2LnXm87ddNSHDJzB88LdK+EQ/3i8f1Im/Lc7Nd7u45V+VfNGuzvGVzLvK2c4DFw1toTj+Nue9afpzBfWp7e67Push+/symuD8Ict9DLrhX5d3M89R+0rlBx/LpdHrivJH9ery1ctbh4Wcu5Goze+UsnbN/O+6dmrXX2Uugc97Fs9c4c2XuRmex79x5gWMTbq/ndhPT13e/vFnbdXehczr7ImLWjmZthzuZdS3CfpnHrQAsGK+h6egF7hN1uh9mP3O9PNfdXeTkuA6vM7w1BveqvJt5m04v2SEosWTW9jkXuX0DPcPDmuw7muHcJW85vDvF3TLnWnbTF82cx5t62h0fZwf8ezwLb12U5+U5d09vxFmO49e/nFef2cb0WfwdcW7Ie1z41+IuwP1yAQLNe2iuIPaW9BhDAADUCg5NEpMzKcl/WwMA4NbKDk16jGiHxAQAX+DwHACAAUITAIABQhMAgAFCEwCAAUITAIABQhMAgAFCEwCAAUITAIABQhMAgAFCEwCAAUITAIABQhMAgAFCEwCAAUITAIABQhMAgAFCEwCAAUITAIABQhMAgAFCEwCAAUITAIABQhMAgAFCEwCAAUITAIDBkgnNr1++f+oZ/dTzZQmN/k/jk5NT9A6sDEuwTOP9feN09UvT5OQkPcViahqdMBK3R4eJiQl6ipHonc77PV2A0BwfHx9iV1r0emN4tkpqXUJj3+b8jg/d9A4ExOjo6MjIyFye006iy7QpYmmVKX/fZtPgIF1/YMxjmcjWPnz44Ngsk+5pdMKora1tYGCAThi9ffuWnmIxODjY2tpKJ4x6enq6urrohAUpU0dHx9evX+lj/UOgQ5M8UUiNq6qqyGPHxGqu3RNnkgfr924uO/FrI+s4c6j05P463pk+jrNHCnjneB+Hd1bJg42RIdYrZ0vp6hk1NDTU1tbSCYvOzs76+npSbPpwiyW6TBUvXl04UaZabY0NNR3aUcV7ZARHIMtERkyojuTm8b3Fr1/R9TNZumUi6qbRCaOKiorXr1/TCaPSUjFN0dzcXFZWRieM5r1MC/BOk0Q4WRCd+Ky7a+DKuRJZkObalWaNZkyv/8o0Cgvr8/KGeGf6OEiZeed4H6ePlcqDDFHrs4oKaunqGfX29pJmoBNGr169mns3EuLK9P37RKGldWe0LWaD7t7tVq12nPfgeB+BLBMZyvWPotZYn96voqtntHTLRJA3XwSdMGpsbHR9/+UjUiZ6igU5qCfBRyeM5r1MSyY0JyYmTdrWTWHWX7fnpyT38J79giNg3Xjz+svItRp5UJ46s2rxlFkE0d3Y9r4r4ahWHqyNj9ZlZgzyHh/vI5ChmZHRHxGUE7veWmCtoUtnhNAUAaEphugy11Z17t9qk0lTHt5v5zWA4AhMN2ZlDe7dalNJLacP5Y4Mj63M0CStaLVUHdpukwVrTx8t5j1E3kcgQ/PMiUJybB4dmlJdvULLhNAUtORDk7yFOXe0QBFs/Ovq28V53HfqSIlytT5C8qy35/OiKrMIc+nGjo6OjOTyrXKzcrUmJfkj71HyMgIZmtHhySQ0Tx1OWbFlQmgKWvKhSWp84XS2QqrdGpWdkTHA6wHvIwDdSA7MN8kMsiBd5Yv3ZLUrOTSJ798nTh3UKiXGDUEPeA+UlxGw0ExL7d0UXkBC893bToQmK4RmoM2lzM+eGLZHGtf/kpiS/InXBt6Hv7sxM3Pw6L4yebDh0hnD8JD99/5WeGiSE/19QzuiTSSYDu0z6HRfeI+Y2xGw0DxywBQZYpaH3EeZREBoBtpcyvym+d2FE+Uqaf61K028NvA+/NqNueqRCwnVEUFZ8ZHqN697HKtFNxKarDKlNC9qreHBvVbeg+Z2BCY0tZqx+BidQmK6dU2HMomA0Ay0OZb5rz8sUWvzosOTeJ3gffivG3Xa8bu3WjZG6DaGGc365u/f6B88oBsdEo5pFcGGzUpNSnIv76FzHYEJzb8fvt+mKlJItOS9MMokAkIz0OZY5iJb4+5Y24Z/p2Vnf+Y1g5fhv27MyBg8uKtIHqy9dNrW1dFP14rQ/GFgYHh7lDZqrenMsbLc3BHeo8cbgQnNk0cKVSF5W1SJZHkokwgIzUCbY5nHx76eOmBVSS2/JfjaJGT4qRs1mrELCZURQTm/brFUV7TRhU5DNzqZ9A1ySc4mmemvP1/xHkDeCEBoqtUjB3eWKCTGtGdlZG0okwgIzUCbe5lv/WmKWmOShTzk9YOX4aduTHr2MXq9ZovMlJZY6Twwd0A3Oo2Ofr13/YUsSLdro/npkw7eY8gdAQjNe3febFPlyyWZba32wwKUSQSEZqDNvczNrzq2q4pkwbq0NF9/hu6nbtyoyFBI8s4eNfX3DTsW6YRu5Hrz+uOB+DzVasP503W5ao8H6QEIzd9Ol8sl6r1bMwb67Y8SyiQCQjPQ5l7mycmpHTHp9t9l+TWP1xKehj+68cRhi1Ji2h2X39ba61ghF7qR6/v3CYOmSS7JUKzOvHPzHe+RdA5/h2ZOztDpw7VKicWobSZLIgtDmURAaAbavJT5xh8aEprKdc94XeFpzHs3piR/VEh10WvzU54WOJbEg27kGRv9kvyoXhFsjI/Rpqa4/0m6v0Pzzq3m2PBcmSSlsZ6uEGUSAaEZaPNS5p6eAZXUsim8KOlZF68x3I757UZN7misLF0ptcRHJznW4wrd6Kq+9v2hHSZZkP7alVdu/xDWr6Gp0325eqkxbFXm4d2atvf04ABlEgGhGWjzVeaoDQ9Uq02H9hl4veF2zGM3ajVjZ46XRq01x27QfOr9TFfjAt3oVnZaTewG/YZ/JyU+cfNq59fQzMwYOHO0RiU1a7PefPv23bEelEkEhGagzVeZnz7MV0hM8TF5ubmjvPZwHfPYjfduv9uitCgk2uw0+++seIJudIscpN+49Dx6rWVrpFqdM8x9YMnwa2jeu9MSFZoZsyG7pPANXQ3KJApCM9Dmq8yfB0cUUvVWRcG9O2947eE65qsbk5M+7tpokgVrL53J//rV27edoBs9aaxv2xmrkwXlJRznx5z/QlOrHb9+pTkiSH3uaKHz2JxY0mWamprq7u6uq6tzPOZMyAIIOmFUVVXV3t5OJ4xImegpFh0dHRUVFXTCqLm5uampiU5Y9PX1kZeHhQ9NUubOzs6amppWdg3T6GTa0b2a2FDz1UvFVutb76O4uMJme80708dByuw4kW95e/338pj15kPb84sL61paWug63Hn37l15eTmdMCI1rq+vpxMWHz9+JA/RvHTjPJbJ1aP7prjQfGVITk7mG+fjTMa8lMntMBqaL5+tjAu1Pr5b/ubNW7qOpV8mhKag5RCa5PWZLKWfHXnjQ9DJtALzm6gQ65lDZVpNm8n00csoKqo2mzt4Z/o4SJkdJx49qNmqzFVIs/NyX376RNfgyadPn8hzi04Ykb4ilaYTFuTtIXl+zEs3zmOZXJFH7/IZY+Tq/KN7rGp1i/OhnpcyuR3pqW83yrLiI415mmq6iGlLukwEDs8F4fB8Vpk72gfl0vTNcvP1qw28wzHemPtxX2pK7754izxYd+96xade/q+yu8LhuXddHf0yyTPVasPhfVbnQ+2nw3Od7svdW+/lwXnnj5V1dvTRFUxDmURAaAbaPJZ5cGD04M5MWbD6xCGBr1WYYzdqtWM3rjYrJPr9Ww11NW3kjRhdgWfoRkEVL1pkQbrYMOOfV2odD7WfQlOtHtm+Ua2QaP+6UsirHcokAkIz0OaxzBMTk0X571VS67F9NVlZ3r7Da47dmJrSt/6XJwqpOu1ZJd23EHSjoC9fvl08rVUEm3/dVpKZaf8ofj+FZnb28Lr/e7RVmZebxf+FB5RJBIRmoM1vmZsaulRrUqNDNd6P0OfSjcXFJVFhSarV5usXy0ZG7J/K7gt0oy8+tA1skqfLgtQnD5fm5o76KTTv3HqjkuZfOF4+9Jn/yKBMIiA0A21+y9zV2X/umDkiKPfCmVov37Y2l25MeVokW6Xbs9FYWTbz+32C0I2++P59ory0LW5DXlx43q0bzQUFdf4IzRjZs8gQw/XfLXSvHCiTCAjNQJvfMpOu06ubldK8Q7ufp6Z4/NAj0aF5+2bzjihrzDpj6tNyukvfoBt91N83fPtqsTxY++v2Ap22dN5DMyd7aMO/U7arbEW2RrpLDpRJBIRmoM17mV+UvN0sz1Kuybx7a54/Pic1pSc6LFMltZ47ahob/UL35xt0o+/evO45tjc/Ikj98LZVp5vn0Lz4Wxk5Nj+43TQ+5qbPUSYREJqBNu9l7uzou3bxhSxYd+33Zq12jNczjiEuNI/uL1BIDLtibE0N7XRnPkM3+u7bt+/6nMYtctPBeFvys24fv7qSNzyFZnT4s6iQ/EtnNXRns6FMIiA0A23eyzwxMalOb1RINXu3mdPT+ng94xgiQvPKpeqodTpZkD4tqZjuiQW6kQk5SL90Jj8yxLA1Sq3OEfgqIbfDbWhmpPer1ujjQm11Na10T7OhTCIgNAPNH2UuKXwVH6kND05KfNLNaxvHYA3N5KSPO+MsSon53HFNcfGSL7MIge/Glnc9x3aXKiR5xw5YeOXwZbgNzVPHrJEh+bHhyY6PHHaFMomA0Aw0f5R56PPozd/tn8h9+0aLbj4+qPHkoVJ5sFYmTRzoH10GZRYh8N04NTVl0DRsCrNGBOUmJ7l/8fMy3IZmnCKdvPJdTMik+3CBMomA0Aw0P5X5yf3nytXajco0twd3voem/aNqL9dFrlMrpfqqsnbSyQhNJt7L5B3pxh1xiSqpJUzyyJdP/OMO19AkhwvblCVkax+7Z75amQdlEgGhGWh+KnNxQdPuWHPoL0kZ6W7+NMj30ExJ6tm3zSYP1v95IX+gf4RsGaHJxHuZvCPd2NXZuz0qT7U6/8g+i0bj/sd6bodraB4/RI7NjVEbHtGtu4MyiYDQDDQ/lXlkZPzCiRcqaf61P9z8aZCPoZmTM3whoSZ8VfbOGG3Tj6+RQWgy8V4m7xzdqMkuU0h0sRtM9++08ArkZfBCkwTuni1mRbDhzg0T3bo7KJMICM1A81+Zb/1piVpjiAx7ym0ex/AlNLXa8Vs3mlVrszaGGfU5L799pd+IgNBkIlgmL5zdePG0QR6cFx+Tl5zUwyuTp8ELzQf3WrZHFymkms6OAcfG3UKZREBoBpr/ylxR9mZndEHYqsysTP4Rui+hmZnxeUcs6VXt5TMF3V0znYbQZCJYJi+c3djbM7R3ky5qjfHsicrcXJ9+A4kXmicOFShDtPHRyWOj3tobZRIBoRlo/ivz16/fD27PU0osZ04UcvuHDF9C89gBqyxIs3+rtb5m1kOM0GQiWCYvnN04MTFpNb6USTKn/yZd+OtMyOCGZk7O8MGdzxUSY2ZK9cT3ScfG3UKZREBoBtTk5GRbW1tFRQV53FlVTaMTD+79ZY1eaz22z0xSkjtKSsoKC2t5Z3JHnr4uJjQvXml79ndJbW0d3dw0UmZ6ikVDQ8OLFy/ohFF1dbXgPXXr/fv35Lk19270d5k8KSsrq6+vd5yuKK/586IlMsT42/ESg76OVy/XQcrkPJ2TVXNgW9GOKJvFVOnYmicokwjcMrFaBt20AO80BwYGXr9+TV6pWLVPoxMP2tt6N4UVbgorSE/vIG8tnYMkptHYxz2HN5TrHqukppMHdGOjX+i2fiBlpqdYkMe6pqaGThh1dna2trbSCYtv3769fPly7t1I+LVMnpBWJG+dHKe/fPn6suHD4Z3GqDWGK+drtZp+Xsl4g5TJefpCwguFNPfgTnV7W49ja56gTCJwy8RqGXTTsjo8J6ampmLCn6pWW47sn/V96OTdB+kl7jncsTs+Rykxb1OYeN+F4EDKTE+xwHGfCOTlnTxZ6cT+TmpKnVGrkGaHB6c+vNfGqxpvkDI5TuRkD50+VKuU5Otz3pBnPt2WByiTCLwyMVkG3bTcQpO49nsuScA4eQb3cx+8hObd228i1+hVUkvykwK6idkQmkx8LJNbrt04Ojp+52olOQiIj9FkpNs/3d3TcIbm7ZvNMWG5itWpFS/e0614hjKJgNAMNH+X+VPvZ6XUsFVe9OjvmfcmnkKT9OFmlUYhMe7dmkZv7wKhycTHMrnlthurK94e3mGWBemuXKjnlY87HKFJXin/uNgYvir79CFDy7uPdBOeoUwiIDQDLQBl3qR4ogoxHNid5+wot6GZkzN0dH+BarVhm1Lb3zdEb+wCocnE9zK58tSN6szazRHGDf9Oefx3O6+IzuEIzcyMgRMHypUSgy67+ds3+pu2XqBMIiA0Ay0AZU57VqqQmLbHmNTqYUdHuQ3N63+83BhhkEvUOnUNvaU7CE0mvpfJladuHB/7eu1icdQayyZFTnb2Z14dHcMRmo8etqvWZcSFZz8v8mnxKJMICM1AC0CZe3uG5NKszTLrzRsvHR3lGpqP//6wPcZIDvpuXC4eHfH2DEBoMvG9TK68dOPb5q6tyhx5kOH4wQJuHZ2DlMn+N13XW2RB2stnSt3+TM8VyiQCQjPQAlBm8sZk16YUpVR/7IDN0VG80MzOHjpzrFwp1e3dlPeqscv795gjNJn4XiZX3rvRqGuQB+VFrtXcvE5fC7mDlCk76/OBXfkKiS75Ua2nD9DkQZlEQGgGWgDKPDExmZfbpJSYD+4scxzN8ULz/p33kevUcklWdlrdly8Cv5WC0GTie5lcee/Gb9++nzuuUUktuzfbMjP4P0knZUpL7QuXPNui0Jnz6ulthKBMIiA0Ay0wZX735pNMkhwXbrj+p/1Dj7ihmZLcu1mVIw82PLxZPTgg/MRFaDJhKhOPYDcODY3JpE8VUt3B3fxPdydlenCvTSExXT5d+enTZ3oDISiTCAjNQAtMmbu7Bo7uzY4Iykk4XkY6yhmaWs3YxXNVEat0+7cZayrf0Wt7hdBkwlQmHl+6saGuUxakjwszXr1c40xMMkiZNkelKqX6m1fd/76tWyiTCAjNQAtMmcmhXImtjRyhH/+1KiNjwBmaSYkfQ39Jjl6nS0uspFcVgtBkwlQmHl+6cWR4/OoFs0Ji2B9fkpY68033JSWl6//vyTal2aivplf1AcokAkIz0AJW5ldN3dGh6VHrc27deO0IzayswcjQpKgQy5/nS0dGxun1hCA0mbCWicvHbnz3pnfPJk1EkPr00Rc5OfS3yvK0JSpp/slfi4eHx+j1fIAyiYDQDLSAlZkcoV84ZSWtdeVCk81WS0Iz4UQpObLbHpVXWfaGXskHCE0mrGXi8rEbv3+bKLa1bAw3xIXr796iX6V34/eiyBDz5bN6eiXfoEwiIDQDLWBl/v59Ii+3WSnVH95ToteV3v6rVibJjAwxpTwtp9fwDUKTCWuZuHzvxr5PQ3/9XiwP1vwab8tIG8jO+rwrxrZFZiuyNdJr+AZlEgGhGWiBLHNZ6bstcrUiJP3ZE/MWVaZSajl9UD82+oVe7BuEJhMRZXJi6sbXTd3H9thkQepzJ8sSThappNYdMdqxMbbiokwiIDQDLZBl7vk4eO1ChTxYf+LX/Oh1Zpk05X2L8Ic48CA0mYgokxNTN5IjCU1W3Va5KXKtJlz6mITm+VM59DKfoUwiIDQDLZBlnpycTHlSrZBqotdaSXQW25rpBSwQmkxElMmJtRtHhsfPHTcqJHnyYAMJzdcvmR80lEkEcaHZ3z905XxugQ2hyS7AZbZZGuIj9aSjLp7Wjo+LeXlEaDIRVyYHEd3Y3TWwZ2M+qe/RXTbvfw7rFsokgrjQPLFfHRlivnK2kM5ZrOjQJHee1JjEUMAUFZaeO1ZwdLfNYi6hZy1fTU1N1dXVc+/GwJdpLtKTSmLWWZMeLZn6rsAyZaeXxCtt5LVtm8JKz1r0PJVp+b/TdFjh/wojAsokCGXyUVfnwIl9hQqJMXxVDslNvaaCXuCzRVUmhKYwdCMTlMkXK6dMI8PjN68UySWaqNDMGFkiCc192zx+S4InCE10owB0owgoE5PAlGliYtJmfh2vMihWq//689Xd269j1lm3KvI+9fr6iSoOCE10owB0owgoE5PAlKmtte/UAWvEqtyjvxZlZdo/pPHITltcqCXtGVuxEJroRgHoRhFQJiYBKFN/3/DDW6UKiXZHrPnpky7HRwQ8fViklJoTjpjolXyD0EQ3CkA3ioAyMfF3mSYnpypftG2O0KvWaC6eq87NHXWEps1aErFKfTC+4H0rw5+ZIDTRjQLQjSKgTEz8Xaa+TyPbYzJlQdoDuwqys2a+NIGUaUPwo9jQvJSnDPVCaKIbBaAbRUCZmPi7TNcv5yklpm2RlsePZn3rMinTgd0GRbDhxuUX9Ko+QGiiGwWgG0VAmZj4tUxv33RFrNJGrtWfPEK/2ZAbmmkpg+TS43sLff+zV4QmulEAulEElImJ/8rU3zccIXmslBj3xpt4iUmGPTRT+2Srn0Wuzc1O8/Uz9hGa6EYB6EYRUCYmfirT16/frl4wq6TWuAjNs8ROXmKSQcqUkz10bH+xPDjv0e2a8TGfyo3QRDcKQDeKgDIx8VOZimyvN4YZw1epzye84MWlY5Aykf8+vNcREaQ+stv8qqmD3tIrhCa6UQC6UQSUiYk/ytTe1ntop5G8hdwbb+AGJXc4QvPx3x+iQrNUITmFFp8Wj9BENwpAN4qAMjGZ9zKRA+3Hd8viQs2qdWlpqb3coOQOR2hmZw8lHKuRB+kTH1YPfRb+IjyEJrpRALpRBJSJybyXyairi1fpNvySduvGG25K8oYjNMn48/eXEUFZu+JyGuuEH0OEJrpRALpRBJSJyfyW6d2brjOHbKrV+aeOlDm/VNntcIbmvdtvN8l0suCc8lLhf9ZEaKIbBaAbRUCZmMxjmcbHvz57WC0L0inWpPz9oM2Zj26HMzTJOH+ySRFsvH/j+dBngYcCoYluFIBuFGFllmlwcLC5uZncC1Yd0+iEUUNDA1k8nUxMlD9viQ5NlwVnX7/yUq8f9T6mQ5OePn/mhVyq3qJMbWvtpdvygDwrampq6IRRd3d3W1sbnTBaLKHZ39/vWAqr99PohFFdXd3AwACdMCJlpqdYkNBxfFa+CKQV3717RycsxsfHX758SU7Qx3oOUCZBC16mycnJ1tbWsrIykvusKqbRCaMXL16QCHOcLiqsOH/CppSafz9XbDFXFxXVeB+kTM7TOk314R1FW2T5es0Lx9Y8Ibt7/vw5nTCqrKwUd09bWlrIf13LFOjQJGVub28nd4M0JCvywBF0wqi8vLypqYlOGJEy01MsSFeQZzOdMCKlIp1MJyxIG5PcmZduRJkELXiZiIU9IPj+fSItsTL83+pNcv3d22+dx91eBikTd3pkzwt5sOHJg+dkU46Nu0Xe9JFHm04Y4fAcx30C3JZZBJRJEMpUU9UavT4rep3p0rlabhR6GbzQPHW0SLVGt0mePDb2zbFxtxCa6EYB6EYRUCYmcy/T0OfR/fG5Sqlpz1ZzWtonbhR6GbzQfPqkY2dMoSxI0/zK22IQmuhGAQhNEVAmJnMv040rBnlwXkyo5smjDm4Oeh+80CRj7zazQmL444KGbt0dhCa6UQBCUwSUickcy2Q2Vm0Mz4sMyT93yv3fmHsarqF5+lhh1BqTck0i3bo7CE10owCEpggoE5O5lKm2pjE+MkslzY8Kf6ZWj/BC0PtwDc2c7KGtCptSYm5qfE934AKhiW4UgNAUAWViMpcyJT+qi11vXfv/nvLiz5fhGppkbFSmkdA8eSiZ7sAFQhPdKAChKQLKxER0mWyWhh2R+Uqp6dL5Cl72+TLchua50yWRqy2Ra9O+fftOdzMbQhPdKAChKQLKxERcmfo+Df923BYVYty1RcN6YO4YbkOTDGWIOm69raSwke5pNoQmulEAQlMElImJiDKNjn559nd59Dr9ib0FOdkzXzDJNDyFZpwiibzZPHfC/c/QEZroRgEITRFQJiYiylRX3bF3k0kuyX36t1Wvn+fQvHn9pSLYsG+zeaB/mO6PA6GJbhSA0BQBZWLCWqaej59/P2uLWJW7d5tFqynJy5vn0CRjw7+fbVPkm/PclAOhiW4UgNAUAWViwlSmsdEvuVl10WsNm+TG23+9sdlq/RGamyPTVKsNf16w0r1yIDTRjQIQmiKgTEyYytT+fnBjeDY5MD91tFStHiksrPdHaCY+6ZYH6U8fKO3q7KM7/gGhiW4UgNAUAWVi4nuZxsa+7tmSogg27NlsTU/rI+nmp9DMzh4O/ffjLfK8zNTndN8/IDTRjQIQmiKgTEx8L1NGynOlJH9ThOXGtQZHuvkpNHPVI3u26eXBuuuXSqampujupyE00Y0CEJoioExMfCxTZ8fAhl9SlKv1h/aZnOnmp9AkI/Fxb0SQ5vSBkpZ33XQF0xCa6EYBCE0RUCYmvpTp8+fR3ZvTVNL87bGGjPR+Z7T5LzSfPe2Wh6TEhWn16llFWdGhSd519/T0NDQ0kHvCqnkanTCqrq7u7OykE0akzPQUi+7u7srKSjphRNqAVItOWAwODpLcmXs3oky+WPZlSk+qillr3RNne3i/1GzudI6ioiqLpY17ju+DlIl3DndoNO9OHTYqJIaHNys+dvfQdSyyMi1AaJLXN/KiQbKfVdM0OmFUVVXV2tpKJ4xImekpFm1tbRUVFXTCiNSYVItOWJBKO770ij7cYqFMvljeZcrOLNgdZ5EFae/+1ZCf38odxcWVVutb3pk+DlIm3jm88eBOTURQ7pHdhtLimfu1qMqEw3NhpMz0FAsc94mAMrHyU5m6OvvOHbVGhli2x2ld/2LSf4fnZNy7/S5yfUbk2pwi68z9WtGH5wS6URBCUwSUiYn3MqU/q4kNNUZIkp88dvOp7H4NzYz0/lOHK5VSc9rThrHRL471IDTRjQIQmiKgTEy8lKnixdvdcbrwVeorF+u12nFeqJHh19DU6b78cakxfFXWr9tyWlt6HEtCaKIbBSA0RUCZmHgqU3/f0P2/yhQSw+4tptTUTyTCeKFGhl9Dk4zbN5tjwnIjgjIb6+gvHiE00Y0CEJoioExM3JZpcnLKqH0VEZShCEm/c8vj95j7OzRzsodOH6pVSvIzkmu/fLF/tS9CE90oAKEpAsrExLVMU1NTjfUd21RZytWG86dqvXzGsL9Dk4xzp8plEvX2mNT+vhGyNoQmulEAQlMElImJa5lGRr7cuFwkC9LtiDU/ftTOSzHuCEBo3rn1eqvSErEq+21zL1kbQhPdKAChKQLKxMS1TDp1XURQ9sYI47UrTbwI440AhKY6Z/jgzlKFxPT0YRFZG0IT3SgAoSkCysSEV6YP7b0bI7Ki1phOH30h+OU/AQhNMk4cLlSF6LdFPSPLQ2iiGwUgNEVAmZjwynTmsFYenLdZqU1K7OaFl+sITGg+uNeyVVmokGoGBoYRmuhGAQhNEVAmJtwyJT0ulAfrotYZvfzEnDsCE5oazVh8jJ4coT+4bURoohsFIDRFQJmYOMvU8q5rm0qnkloP7jG4/VV21xGY0CTj8K/GyBCTat0DhCa6UQBCUwSUiYmzTCf26xQS45r/vcsLLC8jYKGZmtKzKbyIBPqH9o8ITXSjNwhNEVAmJqRGHz50PLhljQ3NU0i1yUnC/5TpHAELTTKiwpJIaCYcT0Voohu9QWiKgDIxITUy6F/8usUsD9YdP2jjRZX3EcjQPHnUSkIzan1STQ1Ckx260RcITSYrtkzvW7tO239irtus1GSkD/KiyvsIZGimp/dFBOXGrrcWFdTQpTNCaKIbBSA0mazMMn3/PlFgbt0RaYsJ1d291eLjz3+cI5ChSYZ87d/Ra6yJD6vo6hkhNNGNAhCaTJZ6mchGOjs76cRnre96T+7Pj1xtjQszHttXc/boK6Zx4eTzs0cbeWf6OC6dLuSdIzhiwjTkCP3soTLnx2syGRwcJJWiE0akvuPj43TyQ6BDc3Jysr29vbKykjxpWNVMoxNG5eXlTU1NdMKIdCM9xeLly5dlZWV0woi0cXV1NZ2wIDXu6+sjQUAfbrFQJl8shjJ1dHTU19fT7frMZKjaFWskSbSExuEdRTU1jfQOsCCvxA0NDXTCgpRpeHiYPMj04f5hAd5pkrcS5OUR/IG8KrrWWByUyX8WvExDn0e7Poy0tSyl0dUxMjJC1x8Ynsq0AKEJALB0ITQBABggNAEAGCA0AQAYIDQBABggNAEAGCA0AQAYIDQ9q7r8Pz/N+J/LIv+KC/ygJIGWhe+//vFPeUJiici/SAK/6SpJvBwb9M///plTqPgbpFL8v7dZ/BCaHs3OTKTmouIxNKmf/3kD1VosBqpuBP0XLYyrn/97qTUWQtOTkoQfr4k/IDUXD6HQJGK1A/TKsIDGSxL+QSviSUIJve4SgdD0wDUzyWviUqvu8sUJzaDEH8fi413a+Jmjg58T8Bq34Ehkco7Xfv5XgrZpwHE8Pj7QpL3seAOK0FwWxi37fmTm/6xb9y96Eqm5aLgNTYJz/roM/MPmQhvIkNNqEEGJLfRsjpaM2H8gNJcDbmZermq5P5Oa+yxL79+tlyP37zRbZt5p/hyPSi24rox1tBzL6h+3EJpujFviaaUdpUZqLjpe/03zv/4Vr3XzpgYCjVOl5fSPJQhNVwPaWFrpH8fjnNT8Ce9gFgOvofnTz/+97rIFB+cLjdNIs/8RZYlDaLpwzUx7av6TnoWfyi4K3kNz2s/r3P0bGgQO9+gcobmccf7tmvNzH6Tm4uL23zTtP5Ktur/O+WsP+LeUBYbD85Vh1s/7PJBnIDUXmIfQtCvZRy/Ab9YutK7EIFoJ/CBoGeOW2TOk5kLzHJqcn+L99M/7OEBfUNwfBrj/55Iu7b5/4leOljRukb1ZTv9CsyR5CM2Bpox9M39/gsPzBUdewjh/JIJfbl+GvP9uEfeP0f+F9zALihOaHv0DB+eLAP6McnkT+n1MpOaiIRia/4jFr2ouFgMlCf9y/aPkH37+540mesUlAqE5g/sTcve/jYnUXCw8hiY+Gm6RcvvRcPfJ0Tq9fAlBaAIAMEBoAgAwQGgCADBAaAIAMEBoAgAwQGgCADBAaAIA+Ow///n/aLQVl2Pzx5MAAAAASUVORK5CYII=\" src=\"data:image/png;base64,iVBORw0KGgoAAAANSUhEUgAAAbwAAAFTCAIAAADNwC7fAAAAAXNSR0IArs4c6QAAAARnQU1BAACxjwv8YQUAAAAJcEhZcwAADsMAAA7DAcdvqGQAADf7SURBVHhe7d3XX1PZ3j/w+S/m8rl8Lp/Lc3kuz+/1PHOERCwIpFGt2B17Fx3bOI46dh0L0ltIIY2EqvSuooIgRZAi1QKc3wpZhs1O2VkbEtrn/VqvmayUvVfyzfeTbIHkp/8AAIDPEJoAAAwQmgAADBCaAAAMEJoAAAwQmgAADJZ/aE5NTQ0OjPd+HP/U82XpjLGx0a/0DgDAYrIAoTk+Pj4UQF1dPRdOFCqCTSqpdamM2FBtZko5vQMsRkdHR0ZGJicn6WMNAPMt0KFJ+rm9vb2ysvIVu5ppdOKzpqZXF04UKCXm6HV5B7dXH95ZyzqO7y3gnePbqDm2p9jlTG/j4Paa2FB7uO/dlK/PraJ3gMWHDx/q6upIdNKHGwDm2wK80yRviN6+fUsnLLqm0QmLJw+KSWKqQhNzcob1+q+so7S0lHeOb2O0qKjG5UxvIy3108YITWyo+c+Lpra2D3T1jEh0IjQB/GdFhGZjfdv+LUURq3KSn/XwcsqXEbDQ3LfdKA/WH9yRV1neSN4z0tUzQmgC+NWKCM2vX79dO18VFWI9fiifl1O+jMCE5pVLVbIg9TalucjW3Nvbi9AEWJxWRGgSOWl1cRusYZK/eVHlywhAaKan98WGaaPW5N+9Yfv+bQKhCbBorZTQrKxo2Cq3KiTGlOSPvMASHAEIze1xaqXEFBP2bHTkC1ktQhNg0VopodnY2LhR8UgltezYks4LLMHh79D87Uxp9DpzxCpNV2efY7UITYBFawWF5rXfc6LX5IdJHut0X3ix5X34NTRTU3p3xhaQt5m3rubRtSI0ARaxFRSaXZ29G8PM0Wttfz9o5SWX9+G/0MzJGT60xyYL1u6MzeT+CRBCE2DRWkGh+fXr192bk8gR+p74XF54eR9+Ck2tZuzalabYDYbNMn1TfdfU1BRdK0ITYBFbWaGZmVqilFg2ybVq9QgvwrwMP4Xm0ydde7fY5BLtw1ulw0PjdKHTEJoAi9bKCs3h4TG5JHNjmO3m9SZehHkZ/gjNzIzB4wdKZEHq0wesba305z9OCE2ARWtlhSY5sXfrM6XUcGC3iZdiXsa8h6ZWO37nr3dR6/TxKoPN/Hpigv/5GghNgEVrxYWmzdKklJj3binOzv7MyzJPY95DMyN9cLMyVy7RXL9U+HnQTcAhNAEWrRUXmoMDYzJJcly46c8rtbws8zTmPTSP/GqRB+clHC5ue//JsTwehCbAorXiQnN8/OuRvRmyYM3xg0W8LPM05jc0k551yYI08UqzQVvD/Yk5F0ITYNFacaFJcqriebtKaj22ryYra5CXaG7H/Ibmmv+9o5KaTh/WOBbmFkITYNFacaFJvG/pU61Jjg7VXL/awEs0t2O+QlOrHT+4x0Dyes9GU3//kGMxbiE0ARatlRiafZ+GLpwyRwTlXjhTS4KMm2tux3yF5p1bb6LWGpRSvUFb5ViJJwhNgEUr0KFJjo57enoaGhpILrBqnkYnjKqrqzs7Ox2nu7q69erGuFDr2aNVuer3ZnOn90FCk3eOL8Ni+VBcXOGcanI7t0frVKvNJw6mO5bhBXlRIdlHJywGBwfJywNCE8B/FiA0SXjV1NS0siNRS9AJo8rKSpJEdNLaWmitJ8fIu2L1SU8qrNa33gcJTd45vo03xcXljtMm08sbvxdvDs/fv9X49g1dgxdNTU319fV0wuLjx4/kIUJoAvjPSjw8J3p7Pl+7+EIWrPv9tyaNZox7EO065n54fu1KY+wGg1ySVWB5RVfgFXnPiMNzgMVphYbmxMSkOr1RIdXs3mxOThL4WOI5hubjR+07Yk2yIN3juxXjY9/oCrxCaAIsWis0NIniglfbVNoISerD+22zw44/5hKaueqR86frVKsNh3fq37z+SPctBKEJsGit3NAc6B++cbFGITHfuPpWq/V2hD6X0Lxz851idaZcklFgefP9+wTdtxCEJsCitXJDk3h0t1QhVW9SZmSkD7hE3swQHZo6bWF8jFYRbEx+VD8+zt+7FwhNgEVrRYemxVi7K9aw/pfElORPLpE3M0SHZkpioSxIf2iHqb72Pd2lbxCaAIvWig7N4eGxa+erVNL8a1e8fbymuNBMSvy4b7MtdoM+O62G7s9nCE2ARWtFhybx952iqLV50eFJvMjjDhGhmZMzvDVSHb3WcuPS87FR+7fyMkFoAixaKz00X5S+3h1r2/DvNC8frykiNM+eeiEPyju0vbC2qoXuiQVCE2DRWumhOT7+9dQBq0pq+S3BYzKyhubtm6/DVqVHrTHmpFfT3TBCaAIsWis9NIlbf5qi1phkIQ952eccTKGZlTm4Lcr+UUanD2uqq2vpPhghNAEWLYTmf5pfdWxXFcmCdWlp7n+GzhSah/dZlVJjhCSxva2nthahCbDcIDT/8/37xPaYDPvHEh90/21rvofm9asNcWEGWZCu/PnbiYkJhCbA8oPQtLt2WUNCUxXq/mfoPoYmOTDfv71EITFdPK2dmppCaAIsSwhNu56eAZXUsim8KOlZFy8KyfAlNLXa8dNHn8uC1FGhKb09w2SbCE2AZQmhSanWPYgMMR3+1chLQzIEQ1On+3L31ttNsrzIkLzSglbH95gjNAGWJYQm9eC2kRxZx8foNbmjvEwUDM201L6j+57Lg/VXz9t6ez47NojQBFiWAh2ai+HrLtx6/frdlgjrzpiStJS3zu+ocAwSmrxzuMNo7LxxpS4iKHtXnLbAWk8319vb3d1dWVlJJ4zIiwrJPjphga+7APC3BQjNxfB1F24d3Zu3Mcz05+V8zldW2AcJTd45zpGf/yYzveZgvGWLzJKWWNnSQjdFvHv3rry8nE4Y4esuABYtHJ7PyE6rJEfoe7cU5uQMcY++vRye56pHd28xyoO1vx3P7+4aoBuahsNzgGUJoTnjQ9uAXJKxWWb56/qsDz3yEppnT5bIgrWHttvqa/kZh9AEWJYQmjMG+kf3bs2QSzSnjpRwk9FTaKal9qrW5G7cYE59Wub6qewITYBlCaE5gwSfUduslFiO7avifuiRp9CMCktWSsz747PHxtxsGaEJsCwhNGdprO+SSZNiwjQ3rjU6w9FtaJ44nB+5Oj96nb6nZ9Y/ZTohNAGWJYTmLB/aPp06qItYlXMhoUan++LIR9fQfPq4Iy7cpJQYk58U0Fu6QGgCLEsIzVm+ffuen9eilJpOHqzKzKDftsYLzazMwZ0b9QpJ3p7N6fRm7iA0AZYlhCZfTWVb7IbMyPVZ9+60OFKSG5oazdjZE2XR64xbFbrOjn56G3cQmgDLEkKTr6uz//Lpooig3OtXmrXacV5o3rvdskVhlkvU2alVE9/tf2PuCUITYFlCaPJ9/z6RndqklOoP7y1yHKE7QzM1pXf/DpssSHvhpK3v0wi9gQcITYBlCaHpRmH+yy1yjXx1SuLTbmdokgPzq5eaItfm7d2UV1PZPjnp7W0mgdAEWJYQmm70fBz442yFPDjv7q33Ot0XR2g+edQZE6aWS3Ky0+rG3f1iJg9CE2BZQmi6Qd5F/n27TCnV7dqiVatHSGhmZ33ev9NMYvTahRefeu2fMSwIoQmwLCE03cvTVm9V5K3/5XF29jAJzft3W2VB2j1xptKiV/QaQhCaAMsSQtO9oc+j549VqKTWB3dbi4tK1v/yKDJEf/9mMb3YBwhNgGUJoenR1Qtm1WrDRlXyg5vFKqnl9IFCkqT0Mh8gNAGWJYSmR+a8mm2K/PX/lxSzzropIq/I1kgv8A1CE2BZQmh6NDIyfiDeopLmR4VY7/1VSM/1GUITYFkKdGhOTU2R4CNpQkKBVdM0OmFUVVXV2tpKJz67dskYFZJ/9kjhy5fN9CyftbW1VVRU0AkjEnwk5emEBUlbfN0FgF8tQGh2d3fX1dU53jYyIVFC0AkjEprt7e104rM3r7uMmg952hI6Z9HR0UFCk04YNTc3k5cHOmHR19dH0hahCeA/ODwXVlpaSk+xwOE5wLKE0BSG0AQAJ4SmMIQmADghNIUhNAHACaEpDKEJAE4ITWEITQBwQmgKQ2gCgBNCUxhCEwCcEJrCEJoA4ITQFIbQBAAnhKYwhCYAOCE0hSE0AcAJoSkMoQkATghNYQhNAHBCaApDaAKAE0JTGEITAJwQmsIQmgDghNAUhtAEAKdAh+bU1FRnZ2dNTU0ru4ZpdMKosrKSJDWdMCKhSU+xePfuXXl5OZ0wampqqq+vpxMWHz9+xHcEAfjVAoQmeRtF3vf1syOpR9AJIxLTJFDohBEJTXqKxadPn6qqquiEEYm/5uZmOmFB3sWTwEVoAvgPDs+F4fAcAJwQmsIQmgDghNAUhtAEACeEpjCEJgA4ITSFITQBwAmhKQyhCQBOCE1hCE0AcEJoCkNoAoATQlMYQhMAnBCawhCaAOCE0BSG0AQAJ4SmMIQmADghNIUhNAHACaEpDKEJAE4ITWEITQBwQmgKQ2gCgBNCUxhCEwCcAh2a+LoLX+DrLgAWrQUITfI2irzvo9/PwIKkHkEnjPB1FwAwL3B4LgyH5wDghNAUhtAEACeEpjCEJgA4ITSFITQBwAmhKQyhCQBOCE1hCE0AcEJoCkNoAoATQlMYQhMAnBCawhCaAOCE0BSG0AQAJ4SmMIQmADghNIUhNAHACaEpDKEJAE4ITWEITQBwQmgKQ2gCgBNCUxhCEwCcEJrCEJoA4ITQFIbQBACnQIfm5ORke3t7ZWUl6W1WNdPohFF5eXlTUxOdMCKhSU+xePnyZVlZGZ0wImlbXV1NJyxI1Pb19ZG8pg83AMy3BXinSd7xkbdC4A/j4+PkZYk+0ADgBwsQmgAASxdCEwCAAUITAIABQhMAgAFCEwCAAUITAIABQhMAgAFCEwCAAUITAIABQhMAgAFCEwCAAUITAIABQhMAgAFCEwCAAUITAIABQhMAgAFCEwCAAUITAIABQhMAgAFCEwCAAUITAIABQhMAgAFCEwCAAUITAIABQhMAgMHcQ7MrMeinoMQuOmNVkvDTTwkldLJcLMs7BQDTPIQmv+3tc5czHHMvoWm/SCA9GPLFflXx6RxIDHdqyWB4bXS5+z48D7yb3oDT0ngSwLLlITR5T3N7G8x6snL6gqGb3FiO+YLQnO+735WY4Nz1nBMYYG48HZ7P6hEyCUpMTJh1hnNCTzty1W6mtWZthLDPnRzPe0eDcS7w3A7cXnScnr1PDxuZuZLd7M3PWtDstzDcizyvafYWftze+51yv2X7bZz7t1/F7cTt7vi83WMuuuEfV6dXdLu82Zt07HjWWtyvkG6B7mj6cjvO1jhn85bj8f5N78HzvQLwM4//pml/7tJnrf1Z6sgATl85n9HTz+GZZzHndm6u53yu/3jv4GgR7g089oP9qty98GezpjMbKUlwLmH6Eo8L4q3Vw/Vm8bAnx3p+bGDW7T1PONuaPt95e3IBZ7tudsfn8R7zOHbD2aLQWmdviJzjvOmsq85eJjHrtrNWxJ1Mb2P2Vtyu3NtdAvA/zz8Imnnqk1P2E/YntfOMmWftrI4gZm436yLO2Vy8s/kb4+JelXcz71OOmfvgbc/kolmL8LQ9T6v1vGn+LTjXnLmInOK8sZ+5iqfdeWW/kbu1E67b45/jdnnukav+uJh392fflnch5yIvO59hP9PrOgD8zXNoOp+05P+OZ+mPE7Ofzb41mv2kSwcQs7flsjEu7lV5N/M+tW+Uw7F9/p54a3XB2d6MmWvOWrTnO0UumXVN7hk/rkb+b/8fvcR+7o9tedidq5krTvNw7R87nOFlea5XJsjFXHSd9nNnPVyc29pPulzmOIO/B/5m7JcjMGHheQlN+iQm//vxRHW00MzTfJqX5zrnIt6NnHidwd8YF/eqvJt5nto3yLlsZvv8BXH27G0R7jj2YUdv5flOkUtmb5l7huNm5NqOc8iUbMTlFq67m81xsZt77ML1Ii/Lc7myfbWcc+xTulPOSQfObe0nXS5znMHfA38zLisAWBBeQtPxLE1I4DzLyfM4IZH33PXyXOde5NJJDryzvTUG96q8m3mekpPuF8vfkw9rFTBzK97tOZvm73X2Ne2LnXm87ddNSHDJzB88LdK+EQ/3i8f1Im/Lc7Nd7u45V+VfNGuzvGVzLvK2c4DFw1toTj+Nue9afpzBfWp7e67Push+/symuD8Ict9DLrhX5d3M89R+0rlBx/LpdHrivJH9ery1ctbh4Wcu5Goze+UsnbN/O+6dmrXX2Uugc97Fs9c4c2XuRmex79x5gWMTbq/ndhPT13e/vFnbdXehczr7ImLWjmZthzuZdS3CfpnHrQAsGK+h6egF7hN1uh9mP3O9PNfdXeTkuA6vM7w1BveqvJt5m04v2SEosWTW9jkXuX0DPcPDmuw7muHcJW85vDvF3TLnWnbTF82cx5t62h0fZwf8ezwLb12U5+U5d09vxFmO49e/nFef2cb0WfwdcW7Ie1z41+IuwP1yAQLNe2iuIPaW9BhDAADUCg5NEpMzKcl/WwMA4NbKDk16jGiHxAQAX+DwHACAAUITAIABQhMAgAFCEwCAAUITAIABQhMAgAFCEwCAAUITAIABQhMAgAFCEwCAAUITAIABQhMAgAFCEwCAAUITAIABQhMAgAFCEwCAAUITAIABQhMAgAFCEwCAAUITAIABQhMAgAFCEwCAAUITAIDBkgnNr1++f+oZ/dTzZQmN/k/jk5NT9A6sDEuwTOP9feN09UvT5OQkPcViahqdMBK3R4eJiQl6ipHonc77PV2A0BwfHx9iV1r0emN4tkpqXUJj3+b8jg/d9A4ExOjo6MjIyFye006iy7QpYmmVKX/fZtPgIF1/YMxjmcjWPnz44Ngsk+5pdMKora1tYGCAThi9ffuWnmIxODjY2tpKJ4x6enq6urrohAUpU0dHx9evX+lj/UOgQ5M8UUiNq6qqyGPHxGqu3RNnkgfr924uO/FrI+s4c6j05P463pk+jrNHCnjneB+Hd1bJg42RIdYrZ0vp6hk1NDTU1tbSCYvOzs76+npSbPpwiyW6TBUvXl04UaZabY0NNR3aUcV7ZARHIMtERkyojuTm8b3Fr1/R9TNZumUi6qbRCaOKiorXr1/TCaPSUjFN0dzcXFZWRieM5r1MC/BOk0Q4WRCd+Ky7a+DKuRJZkObalWaNZkyv/8o0Cgvr8/KGeGf6OEiZeed4H6ePlcqDDFHrs4oKaunqGfX29pJmoBNGr169mns3EuLK9P37RKGldWe0LWaD7t7tVq12nPfgeB+BLBMZyvWPotZYn96voqtntHTLRJA3XwSdMGpsbHR9/+UjUiZ6igU5qCfBRyeM5r1MSyY0JyYmTdrWTWHWX7fnpyT38J79giNg3Xjz+svItRp5UJ46s2rxlFkE0d3Y9r4r4ahWHqyNj9ZlZgzyHh/vI5ChmZHRHxGUE7veWmCtoUtnhNAUAaEphugy11Z17t9qk0lTHt5v5zWA4AhMN2ZlDe7dalNJLacP5Y4Mj63M0CStaLVUHdpukwVrTx8t5j1E3kcgQ/PMiUJybB4dmlJdvULLhNAUtORDk7yFOXe0QBFs/Ovq28V53HfqSIlytT5C8qy35/OiKrMIc+nGjo6OjOTyrXKzcrUmJfkj71HyMgIZmtHhySQ0Tx1OWbFlQmgKWvKhSWp84XS2QqrdGpWdkTHA6wHvIwDdSA7MN8kMsiBd5Yv3ZLUrOTSJ798nTh3UKiXGDUEPeA+UlxGw0ExL7d0UXkBC893bToQmK4RmoM2lzM+eGLZHGtf/kpiS/InXBt6Hv7sxM3Pw6L4yebDh0hnD8JD99/5WeGiSE/19QzuiTSSYDu0z6HRfeI+Y2xGw0DxywBQZYpaH3EeZREBoBtpcyvym+d2FE+Uqaf61K028NvA+/NqNueqRCwnVEUFZ8ZHqN697HKtFNxKarDKlNC9qreHBvVbeg+Z2BCY0tZqx+BidQmK6dU2HMomA0Ay0OZb5rz8sUWvzosOTeJ3gffivG3Xa8bu3WjZG6DaGGc365u/f6B88oBsdEo5pFcGGzUpNSnIv76FzHYEJzb8fvt+mKlJItOS9MMokAkIz0OZY5iJb4+5Y24Z/p2Vnf+Y1g5fhv27MyBg8uKtIHqy9dNrW1dFP14rQ/GFgYHh7lDZqrenMsbLc3BHeo8cbgQnNk0cKVSF5W1SJZHkokwgIzUCbY5nHx76eOmBVSS2/JfjaJGT4qRs1mrELCZURQTm/brFUV7TRhU5DNzqZ9A1ySc4mmemvP1/xHkDeCEBoqtUjB3eWKCTGtGdlZG0okwgIzUCbe5lv/WmKWmOShTzk9YOX4aduTHr2MXq9ZovMlJZY6Twwd0A3Oo2Ofr13/YUsSLdro/npkw7eY8gdAQjNe3febFPlyyWZba32wwKUSQSEZqDNvczNrzq2q4pkwbq0NF9/hu6nbtyoyFBI8s4eNfX3DTsW6YRu5Hrz+uOB+DzVasP503W5ao8H6QEIzd9Ol8sl6r1bMwb67Y8SyiQCQjPQ5l7mycmpHTHp9t9l+TWP1xKehj+68cRhi1Ji2h2X39ba61ghF7qR6/v3CYOmSS7JUKzOvHPzHe+RdA5/h2ZOztDpw7VKicWobSZLIgtDmURAaAbavJT5xh8aEprKdc94XeFpzHs3piR/VEh10WvzU54WOJbEg27kGRv9kvyoXhFsjI/Rpqa4/0m6v0Pzzq3m2PBcmSSlsZ6uEGUSAaEZaPNS5p6eAZXUsim8KOlZF68x3I757UZN7misLF0ptcRHJznW4wrd6Kq+9v2hHSZZkP7alVdu/xDWr6Gp0325eqkxbFXm4d2atvf04ABlEgGhGWjzVeaoDQ9Uq02H9hl4veF2zGM3ajVjZ46XRq01x27QfOr9TFfjAt3oVnZaTewG/YZ/JyU+cfNq59fQzMwYOHO0RiU1a7PefPv23bEelEkEhGagzVeZnz7MV0hM8TF5ubmjvPZwHfPYjfduv9uitCgk2uw0+++seIJudIscpN+49Dx6rWVrpFqdM8x9YMnwa2jeu9MSFZoZsyG7pPANXQ3KJApCM9Dmq8yfB0cUUvVWRcG9O2947eE65qsbk5M+7tpokgVrL53J//rV27edoBs9aaxv2xmrkwXlJRznx5z/QlOrHb9+pTkiSH3uaKHz2JxY0mWamprq7u6uq6tzPOZMyAIIOmFUVVXV3t5OJ4xImegpFh0dHRUVFXTCqLm5uampiU5Y9PX1kZeHhQ9NUubOzs6amppWdg3T6GTa0b2a2FDz1UvFVutb76O4uMJme80708dByuw4kW95e/338pj15kPb84sL61paWug63Hn37l15eTmdMCI1rq+vpxMWHz9+JA/RvHTjPJbJ1aP7prjQfGVITk7mG+fjTMa8lMntMBqaL5+tjAu1Pr5b/ubNW7qOpV8mhKag5RCa5PWZLKWfHXnjQ9DJtALzm6gQ65lDZVpNm8n00csoKqo2mzt4Z/o4SJkdJx49qNmqzFVIs/NyX376RNfgyadPn8hzi04Ykb4ilaYTFuTtIXl+zEs3zmOZXJFH7/IZY+Tq/KN7rGp1i/OhnpcyuR3pqW83yrLiI415mmq6iGlLukwEDs8F4fB8Vpk72gfl0vTNcvP1qw28wzHemPtxX2pK7754izxYd+96xade/q+yu8LhuXddHf0yyTPVasPhfVbnQ+2nw3Od7svdW+/lwXnnj5V1dvTRFUxDmURAaAbaPJZ5cGD04M5MWbD6xCGBr1WYYzdqtWM3rjYrJPr9Ww11NW3kjRhdgWfoRkEVL1pkQbrYMOOfV2odD7WfQlOtHtm+Ua2QaP+6UsirHcokAkIz0OaxzBMTk0X571VS67F9NVlZ3r7Da47dmJrSt/6XJwqpOu1ZJd23EHSjoC9fvl08rVUEm3/dVpKZaf8ofj+FZnb28Lr/e7RVmZebxf+FB5RJBIRmoM1vmZsaulRrUqNDNd6P0OfSjcXFJVFhSarV5usXy0ZG7J/K7gt0oy8+tA1skqfLgtQnD5fm5o76KTTv3HqjkuZfOF4+9Jn/yKBMIiA0A21+y9zV2X/umDkiKPfCmVov37Y2l25MeVokW6Xbs9FYWTbz+32C0I2++P59ory0LW5DXlx43q0bzQUFdf4IzRjZs8gQw/XfLXSvHCiTCAjNQJvfMpOu06ubldK8Q7ufp6Z4/NAj0aF5+2bzjihrzDpj6tNyukvfoBt91N83fPtqsTxY++v2Ap22dN5DMyd7aMO/U7arbEW2RrpLDpRJBIRmoM17mV+UvN0sz1Kuybx7a54/Pic1pSc6LFMltZ47ahob/UL35xt0o+/evO45tjc/Ikj98LZVp5vn0Lz4Wxk5Nj+43TQ+5qbPUSYREJqBNu9l7uzou3bxhSxYd+33Zq12jNczjiEuNI/uL1BIDLtibE0N7XRnPkM3+u7bt+/6nMYtctPBeFvys24fv7qSNzyFZnT4s6iQ/EtnNXRns6FMIiA0A23eyzwxMalOb1RINXu3mdPT+ng94xgiQvPKpeqodTpZkD4tqZjuiQW6kQk5SL90Jj8yxLA1Sq3OEfgqIbfDbWhmpPer1ujjQm11Na10T7OhTCIgNAPNH2UuKXwVH6kND05KfNLNaxvHYA3N5KSPO+MsSon53HFNcfGSL7MIge/Glnc9x3aXKiR5xw5YeOXwZbgNzVPHrJEh+bHhyY6PHHaFMomA0Aw0f5R56PPozd/tn8h9+0aLbj4+qPHkoVJ5sFYmTRzoH10GZRYh8N04NTVl0DRsCrNGBOUmJ7l/8fMy3IZmnCKdvPJdTMik+3CBMomA0Aw0P5X5yf3nytXajco0twd3voem/aNqL9dFrlMrpfqqsnbSyQhNJt7L5B3pxh1xiSqpJUzyyJdP/OMO19AkhwvblCVkax+7Z75amQdlEgGhGWh+KnNxQdPuWHPoL0kZ6W7+NMj30ExJ6tm3zSYP1v95IX+gf4RsGaHJxHuZvCPd2NXZuz0qT7U6/8g+i0bj/sd6bodraB4/RI7NjVEbHtGtu4MyiYDQDDQ/lXlkZPzCiRcqaf61P9z8aZCPoZmTM3whoSZ8VfbOGG3Tj6+RQWgy8V4m7xzdqMkuU0h0sRtM9++08ArkZfBCkwTuni1mRbDhzg0T3bo7KJMICM1A81+Zb/1piVpjiAx7ym0ex/AlNLXa8Vs3mlVrszaGGfU5L799pd+IgNBkIlgmL5zdePG0QR6cFx+Tl5zUwyuTp8ELzQf3WrZHFymkms6OAcfG3UKZREBoBpr/ylxR9mZndEHYqsysTP4Rui+hmZnxeUcs6VXt5TMF3V0znYbQZCJYJi+c3djbM7R3ky5qjfHsicrcXJ9+A4kXmicOFShDtPHRyWOj3tobZRIBoRlo/ivz16/fD27PU0osZ04UcvuHDF9C89gBqyxIs3+rtb5m1kOM0GQiWCYvnN04MTFpNb6USTKn/yZd+OtMyOCGZk7O8MGdzxUSY2ZK9cT3ScfG3UKZREBoBtTk5GRbW1tFRQV53FlVTaMTD+79ZY1eaz22z0xSkjtKSsoKC2t5Z3JHnr4uJjQvXml79ndJbW0d3dw0UmZ6ikVDQ8OLFy/ohFF1dbXgPXXr/fv35Lk19270d5k8KSsrq6+vd5yuKK/586IlMsT42/ESg76OVy/XQcrkPJ2TVXNgW9GOKJvFVOnYmicokwjcMrFaBt20AO80BwYGXr9+TV6pWLVPoxMP2tt6N4UVbgorSE/vIG8tnYMkptHYxz2HN5TrHqukppMHdGOjX+i2fiBlpqdYkMe6pqaGThh1dna2trbSCYtv3769fPly7t1I+LVMnpBWJG+dHKe/fPn6suHD4Z3GqDWGK+drtZp+Xsl4g5TJefpCwguFNPfgTnV7W49ja56gTCJwy8RqGXTTsjo8J6ampmLCn6pWW47sn/V96OTdB+kl7jncsTs+Rykxb1OYeN+F4EDKTE+xwHGfCOTlnTxZ6cT+TmpKnVGrkGaHB6c+vNfGqxpvkDI5TuRkD50+VKuU5Otz3pBnPt2WByiTCLwyMVkG3bTcQpO49nsuScA4eQb3cx+8hObd228i1+hVUkvykwK6idkQmkx8LJNbrt04Ojp+52olOQiIj9FkpNs/3d3TcIbm7ZvNMWG5itWpFS/e0614hjKJgNAMNH+X+VPvZ6XUsFVe9OjvmfcmnkKT9OFmlUYhMe7dmkZv7wKhycTHMrnlthurK94e3mGWBemuXKjnlY87HKFJXin/uNgYvir79CFDy7uPdBOeoUwiIDQDLQBl3qR4ogoxHNid5+wot6GZkzN0dH+BarVhm1Lb3zdEb+wCocnE9zK58tSN6szazRHGDf9Oefx3O6+IzuEIzcyMgRMHypUSgy67+ds3+pu2XqBMIiA0Ay0AZU57VqqQmLbHmNTqYUdHuQ3N63+83BhhkEvUOnUNvaU7CE0mvpfJladuHB/7eu1icdQayyZFTnb2Z14dHcMRmo8etqvWZcSFZz8v8mnxKJMICM1AC0CZe3uG5NKszTLrzRsvHR3lGpqP//6wPcZIDvpuXC4eHfH2DEBoMvG9TK68dOPb5q6tyhx5kOH4wQJuHZ2DlMn+N13XW2RB2stnSt3+TM8VyiQCQjPQAlBm8sZk16YUpVR/7IDN0VG80MzOHjpzrFwp1e3dlPeqscv795gjNJn4XiZX3rvRqGuQB+VFrtXcvE5fC7mDlCk76/OBXfkKiS75Ua2nD9DkQZlEQGgGWgDKPDExmZfbpJSYD+4scxzN8ULz/p33kevUcklWdlrdly8Cv5WC0GTie5lcee/Gb9++nzuuUUktuzfbMjP4P0knZUpL7QuXPNui0Jnz6ulthKBMIiA0Ay0wZX735pNMkhwXbrj+p/1Dj7ihmZLcu1mVIw82PLxZPTgg/MRFaDJhKhOPYDcODY3JpE8VUt3B3fxPdydlenCvTSExXT5d+enTZ3oDISiTCAjNQAtMmbu7Bo7uzY4Iykk4XkY6yhmaWs3YxXNVEat0+7cZayrf0Wt7hdBkwlQmHl+6saGuUxakjwszXr1c40xMMkiZNkelKqX6m1fd/76tWyiTCAjNQAtMmcmhXImtjRyhH/+1KiNjwBmaSYkfQ39Jjl6nS0uspFcVgtBkwlQmHl+6cWR4/OoFs0Ji2B9fkpY68033JSWl6//vyTal2aivplf1AcokAkIz0AJW5ldN3dGh6VHrc27deO0IzayswcjQpKgQy5/nS0dGxun1hCA0mbCWicvHbnz3pnfPJk1EkPr00Rc5OfS3yvK0JSpp/slfi4eHx+j1fIAyiYDQDLSAlZkcoV84ZSWtdeVCk81WS0Iz4UQpObLbHpVXWfaGXskHCE0mrGXi8rEbv3+bKLa1bAw3xIXr796iX6V34/eiyBDz5bN6eiXfoEwiIDQDLWBl/v59Ii+3WSnVH95ToteV3v6rVibJjAwxpTwtp9fwDUKTCWuZuHzvxr5PQ3/9XiwP1vwab8tIG8jO+rwrxrZFZiuyNdJr+AZlEgGhGWiBLHNZ6bstcrUiJP3ZE/MWVaZSajl9UD82+oVe7BuEJhMRZXJi6sbXTd3H9thkQepzJ8sSThappNYdMdqxMbbiokwiIDQDLZBl7vk4eO1ChTxYf+LX/Oh1Zpk05X2L8Ic48CA0mYgokxNTN5IjCU1W3Va5KXKtJlz6mITm+VM59DKfoUwiIDQDLZBlnpycTHlSrZBqotdaSXQW25rpBSwQmkxElMmJtRtHhsfPHTcqJHnyYAMJzdcvmR80lEkEcaHZ3z905XxugQ2hyS7AZbZZGuIj9aSjLp7Wjo+LeXlEaDIRVyYHEd3Y3TWwZ2M+qe/RXTbvfw7rFsokgrjQPLFfHRlivnK2kM5ZrOjQJHee1JjEUMAUFZaeO1ZwdLfNYi6hZy1fTU1N1dXVc+/GwJdpLtKTSmLWWZMeLZn6rsAyZaeXxCtt5LVtm8JKz1r0PJVp+b/TdFjh/wojAsokCGXyUVfnwIl9hQqJMXxVDslNvaaCXuCzRVUmhKYwdCMTlMkXK6dMI8PjN68UySWaqNDMGFkiCc192zx+S4InCE10owB0owgoE5PAlGliYtJmfh2vMihWq//689Xd269j1lm3KvI+9fr6iSoOCE10owB0owgoE5PAlKmtte/UAWvEqtyjvxZlZdo/pPHITltcqCXtGVuxEJroRgHoRhFQJiYBKFN/3/DDW6UKiXZHrPnpky7HRwQ8fViklJoTjpjolXyD0EQ3CkA3ioAyMfF3mSYnpypftG2O0KvWaC6eq87NHXWEps1aErFKfTC+4H0rw5+ZIDTRjQLQjSKgTEz8Xaa+TyPbYzJlQdoDuwqys2a+NIGUaUPwo9jQvJSnDPVCaKIbBaAbRUCZmPi7TNcv5yklpm2RlsePZn3rMinTgd0GRbDhxuUX9Ko+QGiiGwWgG0VAmZj4tUxv33RFrNJGrtWfPEK/2ZAbmmkpg+TS43sLff+zV4QmulEAulEElImJ/8rU3zccIXmslBj3xpt4iUmGPTRT+2Srn0Wuzc1O8/Uz9hGa6EYB6EYRUCYmfirT16/frl4wq6TWuAjNs8ROXmKSQcqUkz10bH+xPDjv0e2a8TGfyo3QRDcKQDeKgDIx8VOZimyvN4YZw1epzye84MWlY5Aykf8+vNcREaQ+stv8qqmD3tIrhCa6UQC6UQSUiYk/ytTe1ntop5G8hdwbb+AGJXc4QvPx3x+iQrNUITmFFp8Wj9BENwpAN4qAMjGZ9zKRA+3Hd8viQs2qdWlpqb3coOQOR2hmZw8lHKuRB+kTH1YPfRb+IjyEJrpRALpRBJSJybyXyairi1fpNvySduvGG25K8oYjNMn48/eXEUFZu+JyGuuEH0OEJrpRALpRBJSJyfyW6d2brjOHbKrV+aeOlDm/VNntcIbmvdtvN8l0suCc8lLhf9ZEaKIbBaAbRUCZmMxjmcbHvz57WC0L0inWpPz9oM2Zj26HMzTJOH+ySRFsvH/j+dBngYcCoYluFIBuFGFllmlwcLC5uZncC1Yd0+iEUUNDA1k8nUxMlD9viQ5NlwVnX7/yUq8f9T6mQ5OePn/mhVyq3qJMbWvtpdvygDwrampq6IRRd3d3W1sbnTBaLKHZ39/vWAqr99PohFFdXd3AwACdMCJlpqdYkNBxfFa+CKQV3717RycsxsfHX758SU7Qx3oOUCZBC16mycnJ1tbWsrIykvusKqbRCaMXL16QCHOcLiqsOH/CppSafz9XbDFXFxXVeB+kTM7TOk314R1FW2T5es0Lx9Y8Ibt7/vw5nTCqrKwUd09bWlrIf13LFOjQJGVub28nd4M0JCvywBF0wqi8vLypqYlOGJEy01MsSFeQZzOdMCKlIp1MJyxIG5PcmZduRJkELXiZiIU9IPj+fSItsTL83+pNcv3d22+dx91eBikTd3pkzwt5sOHJg+dkU46Nu0Xe9JFHm04Y4fAcx30C3JZZBJRJEMpUU9UavT4rep3p0rlabhR6GbzQPHW0SLVGt0mePDb2zbFxtxCa6EYB6EYRUCYmcy/T0OfR/fG5Sqlpz1ZzWtonbhR6GbzQfPqkY2dMoSxI0/zK22IQmuhGAQhNEVAmJnMv040rBnlwXkyo5smjDm4Oeh+80CRj7zazQmL444KGbt0dhCa6UQBCUwSUickcy2Q2Vm0Mz4sMyT93yv3fmHsarqF5+lhh1BqTck0i3bo7CE10owCEpggoE5O5lKm2pjE+MkslzY8Kf6ZWj/BC0PtwDc2c7KGtCptSYm5qfE934AKhiW4UgNAUAWViMpcyJT+qi11vXfv/nvLiz5fhGppkbFSmkdA8eSiZ7sAFQhPdKAChKQLKxER0mWyWhh2R+Uqp6dL5Cl72+TLchua50yWRqy2Ra9O+fftOdzMbQhPdKAChKQLKxERcmfo+Df923BYVYty1RcN6YO4YbkOTDGWIOm69raSwke5pNoQmulEAQlMElImJiDKNjn559nd59Dr9ib0FOdkzXzDJNDyFZpwiibzZPHfC/c/QEZroRgEITRFQJiYiylRX3bF3k0kuyX36t1Wvn+fQvHn9pSLYsG+zeaB/mO6PA6GJbhSA0BQBZWLCWqaej59/P2uLWJW7d5tFqynJy5vn0CRjw7+fbVPkm/PclAOhiW4UgNAUAWViwlSmsdEvuVl10WsNm+TG23+9sdlq/RGamyPTVKsNf16w0r1yIDTRjQIQmiKgTEyYytT+fnBjeDY5MD91tFStHiksrPdHaCY+6ZYH6U8fKO3q7KM7/gGhiW4UgNAUAWVi4nuZxsa+7tmSogg27NlsTU/rI+nmp9DMzh4O/ffjLfK8zNTndN8/IDTRjQIQmiKgTEx8L1NGynOlJH9ThOXGtQZHuvkpNHPVI3u26eXBuuuXSqampujupyE00Y0CEJoioExMfCxTZ8fAhl9SlKv1h/aZnOnmp9AkI/Fxb0SQ5vSBkpZ33XQF0xCa6EYBCE0RUCYmvpTp8+fR3ZvTVNL87bGGjPR+Z7T5LzSfPe2Wh6TEhWn16llFWdGhSd519/T0NDQ0kHvCqnkanTCqrq7u7OykE0akzPQUi+7u7srKSjphRNqAVItOWAwODpLcmXs3oky+WPZlSk+qillr3RNne3i/1GzudI6ioiqLpY17ju+DlIl3DndoNO9OHTYqJIaHNys+dvfQdSyyMi1AaJLXN/KiQbKfVdM0OmFUVVXV2tpKJ4xImekpFm1tbRUVFXTCiNSYVItOWJBKO770ij7cYqFMvljeZcrOLNgdZ5EFae/+1ZCf38odxcWVVutb3pk+DlIm3jm88eBOTURQ7pHdhtLimfu1qMqEw3NhpMz0FAsc94mAMrHyU5m6OvvOHbVGhli2x2ld/2LSf4fnZNy7/S5yfUbk2pwi68z9WtGH5wS6URBCUwSUiYn3MqU/q4kNNUZIkp88dvOp7H4NzYz0/lOHK5VSc9rThrHRL471IDTRjQIQmiKgTEy8lKnixdvdcbrwVeorF+u12nFeqJHh19DU6b78cakxfFXWr9tyWlt6HEtCaKIbBSA0RUCZmHgqU3/f0P2/yhQSw+4tptTUTyTCeKFGhl9Dk4zbN5tjwnIjgjIb6+gvHiE00Y0CEJoioExM3JZpcnLKqH0VEZShCEm/c8vj95j7OzRzsodOH6pVSvIzkmu/fLF/tS9CE90oAKEpAsrExLVMU1NTjfUd21RZytWG86dqvXzGsL9Dk4xzp8plEvX2mNT+vhGyNoQmulEAQlMElImJa5lGRr7cuFwkC9LtiDU/ftTOSzHuCEBo3rn1eqvSErEq+21zL1kbQhPdKAChKQLKxMS1TDp1XURQ9sYI47UrTbwI440AhKY6Z/jgzlKFxPT0YRFZG0IT3SgAoSkCysSEV6YP7b0bI7Ki1phOH30h+OU/AQhNMk4cLlSF6LdFPSPLQ2iiGwUgNEVAmZjwynTmsFYenLdZqU1K7OaFl+sITGg+uNeyVVmokGoGBoYRmuhGAQhNEVAmJtwyJT0ulAfrotYZvfzEnDsCE5oazVh8jJ4coT+4bURoohsFIDRFQJmYOMvU8q5rm0qnkloP7jG4/VV21xGY0CTj8K/GyBCTat0DhCa6UQBCUwSUiYmzTCf26xQS45r/vcsLLC8jYKGZmtKzKbyIBPqH9o8ITXSjNwhNEVAmJqRGHz50PLhljQ3NU0i1yUnC/5TpHAELTTKiwpJIaCYcT0Voohu9QWiKgDIxITUy6F/8usUsD9YdP2jjRZX3EcjQPHnUSkIzan1STQ1Ckx260RcITSYrtkzvW7tO239irtus1GSkD/KiyvsIZGimp/dFBOXGrrcWFdTQpTNCaKIbBSA0mazMMn3/PlFgbt0RaYsJ1d291eLjz3+cI5ChSYZ87d/Ra6yJD6vo6hkhNNGNAhCaTJZ6mchGOjs76cRnre96T+7Pj1xtjQszHttXc/boK6Zx4eTzs0cbeWf6OC6dLuSdIzhiwjTkCP3soTLnx2syGRwcJJWiE0akvuPj43TyQ6BDc3Jysr29vbKykjxpWNVMoxNG5eXlTU1NdMKIdCM9xeLly5dlZWV0woi0cXV1NZ2wIDXu6+sjQUAfbrFQJl8shjJ1dHTU19fT7frMZKjaFWskSbSExuEdRTU1jfQOsCCvxA0NDXTCgpRpeHiYPMj04f5hAd5pkrcS5OUR/IG8KrrWWByUyX8WvExDn0e7Poy0tSyl0dUxMjJC1x8Ynsq0AKEJALB0ITQBABggNAEAGCA0AQAYIDQBABggNAEAGCA0AQAYIDQ9q7r8Pz/N+J/LIv+KC/ygJIGWhe+//vFPeUJiici/SAK/6SpJvBwb9M///plTqPgbpFL8v7dZ/BCaHs3OTKTmouIxNKmf/3kD1VosBqpuBP0XLYyrn/97qTUWQtOTkoQfr4k/IDUXD6HQJGK1A/TKsIDGSxL+QSviSUIJve4SgdD0wDUzyWviUqvu8sUJzaDEH8fi413a+Jmjg58T8Bq34Ehkco7Xfv5XgrZpwHE8Pj7QpL3seAOK0FwWxi37fmTm/6xb9y96Eqm5aLgNTYJz/roM/MPmQhvIkNNqEEGJLfRsjpaM2H8gNJcDbmZermq5P5Oa+yxL79+tlyP37zRbZt5p/hyPSi24rox1tBzL6h+3EJpujFviaaUdpUZqLjpe/03zv/4Vr3XzpgYCjVOl5fSPJQhNVwPaWFrpH8fjnNT8Ce9gFgOvofnTz/+97rIFB+cLjdNIs/8RZYlDaLpwzUx7av6TnoWfyi4K3kNz2s/r3P0bGgQO9+gcobmccf7tmvNzH6Tm4uL23zTtP5Ktur/O+WsP+LeUBYbD85Vh1s/7PJBnIDUXmIfQtCvZRy/Ab9YutK7EIFoJ/CBoGeOW2TOk5kLzHJqcn+L99M/7OEBfUNwfBrj/55Iu7b5/4leOljRukb1ZTv9CsyR5CM2Bpox9M39/gsPzBUdewjh/JIJfbl+GvP9uEfeP0f+F9zALihOaHv0DB+eLAP6McnkT+n1MpOaiIRia/4jFr2ouFgMlCf9y/aPkH37+540mesUlAqE5g/sTcve/jYnUXCw8hiY+Gm6RcvvRcPfJ0Tq9fAlBaAIAMEBoAgAwQGgCADBAaAIAMEBoAgAwQGgCADBAaAIA+Ow///n/aLQVl2Pzx5MAAAAASUVORK5CYII=\" style=\"width:444px\"></p>a', '{\"answer_1\":\"A\\u00a0\",\"answer_2\":\"B\",\"answer_3\":\"C\",\"answer_4\":\"D\"}', '[\"answer_3\"]', 2, NULL, NULL),
(3, '<p>Is 13 Prime Number?<br></p>', '{\"answer_1\":\"Yes\",\"answer_2\":\"No\"}', '[\"answer_1\"]', 2, NULL, NULL),
(4, '<p>5 X 5 = __?</p>', '{\"answer_1\":\"20\",\"answer_2\":\"40\",\"answer_3\":\"25\",\"answer_4\":\"30\"}', '[\"answer_3\"]', 2, NULL, NULL),
(5, '<p><strong>Which cricketer had scored most centuries in first-class cricket?&nbsp;</strong>​<br></p>', '{\"answer_1\":\"Vivian Richards\",\"answer_2\":\"Corey Anderson\",\"answer_3\":\"Shahid Afridi\",\"answer_4\":\"AB de Villiers\"}', '[\"answer_2\"]', 2, NULL, NULL),
(6, '<p><strong>Which cricketer had scored most centuries in first-class cricket?&nbsp;</strong>​<br></p>', '{\"answer_1\":\"Lane Hutton\",\"answer_2\":\"Wally Hammond\",\"answer_3\":\"Jack Hobbs\",\"answer_4\":\"Sachin Tendulkar\"}', '[\"answer_3\"]', 2, NULL, NULL),
(7, '<p><strong>Which cricketer had scored highest individual score in ODI cricket?&nbsp;</strong>​<br></p>', '{\"answer_1\":\"Virender Sehwag\",\"answer_2\":\"Chris Gayle\",\"answer_3\":\"Martin Guptill\",\"answer_4\":\"Rohit Sharma\"}', '[\"answer_4\"]', 2, NULL, NULL),
(8, '<p><strong>&nbsp;Which cricketer has taken most catches in ODI cricket?</strong><br></p>', '{\"answer_1\":\"Ricky Ponting\",\"answer_2\":\"Mahela Jayawardene\",\"answer_3\":\"Jacques Kallis\",\"answer_4\":\"Mark Waugh\"}', '[\"answer_2\"]', 2, NULL, NULL),
(9, '<p><em><strong></strong></em><strong>Which cricketer had scored most runs in a Test series?</strong><em><strong></strong></em><br></p>', '{\"answer_1\":\"Sunil Gavaskar\",\"answer_2\":\"Don Bradman\",\"answer_3\":\"&nbsp;Kumar Sangakkara\",\"answer_4\":\"Hanif Mohammad\"}', '[\"answer_2\"]', 2, NULL, NULL),
(10, '<p><strong>Combine terms: 12a + 26b -4b – 16a.</strong><br></p>', '{\"answer_1\":\"4a + 22b\",\"answer_2\":\"-28a + 30b\",\"answer_3\":\"-4a + 22b\",\"answer_4\":\"28a + 30b\"}', '[\"answer_3\"]', 2, NULL, NULL);

-- --------------------------------------------------------

--
-- Table structure for table `result`
--

CREATE TABLE `result` (
  `id` int(10) UNSIGNED NOT NULL,
  `user_id` int(10) UNSIGNED NOT NULL,
  `questions` longtext COLLATE utf8mb4_unicode_ci,
  `answers` longtext COLLATE utf8mb4_unicode_ci,
  `score` bigint(20) DEFAULT NULL,
  `created_at` timestamp NULL DEFAULT NULL,
  `updated_at` timestamp NULL DEFAULT NULL
) ENGINE=InnoDB DEFAULT CHARSET=utf8mb4 COLLATE=utf8mb4_unicode_ci;

--
-- Dumping data for table `result`
--

INSERT INTO `result` (`id`, `user_id`, `questions`, `answers`, `score`, `created_at`, `updated_at`) VALUES
(1, 2, '[1,2]', '{\"1\":\"\\\"answer_1\\\"\",\"2\":\"\\\"answer_1\\\"\"}', 2, '2019-07-16 13:02:43', '2019-07-16 12:18:34'),
(2, 4, '[1,2]', '{\"1\":\"\\\"answer_2\\\"\",\"2\":\"\\\"answer_1\\\"\"}', 4, '2019-07-16 12:39:47', '2019-07-16 12:40:05'),
(3, 5, '[1,2]', '{\"1\":\"\\\"answer_1\\\"\",\"2\":\"\\\"answer_1\\\"\"}', 2, '2019-07-16 12:51:06', '2019-07-16 12:51:52'),
(4, 6, '[1,2]', '{\"1\":\"\\\"answer_3\\\"\",\"2\":\"\\\"answer_1\\\"\"}', 2, '2019-07-16 12:58:00', '2019-07-16 13:01:02'),
(5, 7, '[1,2]', '{\"1\":\"\\\"answer_4\\\"\",\"2\":\"\\\"answer_2\\\"\"}', 0, '2019-07-16 13:01:25', '2019-07-16 13:01:58'),
(6, 8, '[1,2]', '{\"1\":\"\\\"answer_1\\\"\",\"2\":\"\\\"answer_1\\\"\"}', NULL, '2019-07-16 13:13:00', '2019-07-16 12:27:18'),
(7, 9, '[3,9]', '{\"3\":\"\",\"9\":\"\"}', NULL, '2019-07-16 12:27:55', '2019-07-16 12:27:55'),
(8, 10, '[1,2,3,4,5,6,7,8,9,10]', '{\"1\":\"\\\"answer_1\\\"\",\"2\":\"\\\"answer_1\\\"\",\"3\":\"\\\"answer_1\\\"\",\"4\":\"\\\"answer_3\\\"\",\"5\":\"\\\"answer_2\\\"\",\"6\":\"\\\"answer_1\\\"\",\"7\":\"\\\"answer_2\\\"\",\"8\":\"\\\"answer_4\\\"\",\"9\":\"\\\"answer_1\\\"\",\"10\":\"\\\"answer_1\\\"\"}', 6, '2019-07-16 12:46:22', '2019-07-16 12:47:28'),
(9, 11, '[1,2,3,4,5,6,7,8,9,10]', '{\"1\":\"\",\"2\":\"\",\"3\":\"\",\"4\":\"\",\"5\":\"\",\"6\":\"\",\"7\":\"\",\"8\":\"\",\"9\":\"\",\"10\":\"\"}', NULL, '2019-07-16 12:52:10', '2019-07-16 12:52:10'),
(10, 12, '[1,2,3,4,5,6,7,8,9,10]', '{\"1\":\"\",\"2\":\"\",\"3\":\"\",\"4\":\"\",\"5\":\"\",\"6\":\"\",\"7\":\"\",\"8\":\"\",\"9\":\"\",\"10\":\"\"}', NULL, '2019-07-16 12:53:32', '2019-07-16 12:53:32'),
(11, 13, '[1,2,3,4,5,6,7,8,9,10]', '{\"1\":\"\",\"2\":\"\",\"3\":\"\",\"4\":\"\",\"5\":\"\",\"6\":\"\",\"7\":\"\",\"8\":\"\",\"9\":\"\",\"10\":\"\"}', NULL, '2019-07-16 12:59:45', '2019-07-16 12:59:45'),
(12, 14, '[1,2,3,4,5,6,7,8,9,10]', '{\"1\":\"\",\"2\":\"\",\"3\":\"\",\"4\":\"\",\"5\":\"\",\"6\":\"\",\"7\":\"\",\"8\":\"\",\"9\":\"\",\"10\":\"\"}', NULL, '2019-07-16 13:04:58', '2019-07-16 13:04:58'),
(13, 15, '[1,2,3,4,5,6,7,8,9,10]', '{\"1\":\"\",\"2\":\"\",\"3\":\"\",\"4\":\"\",\"5\":\"\",\"6\":\"\",\"7\":\"\",\"8\":\"\",\"9\":\"\",\"10\":\"\"}', NULL, '2019-07-16 12:23:44', '2019-07-16 12:23:44'),
(14, 16, '[1,2,3,4,5,6,7,8,9,10]', '{\"1\":\"\\\"answer_1\\\"\",\"2\":\"\",\"3\":\"\",\"4\":\"\",\"5\":\"\",\"6\":\"\",\"7\":\"\",\"8\":\"\",\"9\":\"\",\"10\":\"\"}', NULL, '2019-07-20 03:04:50', '2019-07-20 03:30:57'),
(15, 17, '[1,2,3,4,5,6,7,8,9,10]', '{\"1\":\"\\\"answer_1\\\"\",\"2\":\"\\\"answer_1\\\"\",\"3\":\"null\",\"4\":\"\",\"5\":\"\",\"6\":\"\",\"7\":\"\",\"8\":\"\",\"9\":\"\",\"10\":\"\"}', NULL, '2019-07-20 03:47:22', '2019-07-20 03:11:24'),
(16, 18, '[1,2,3,4,5,6,7,8,9,10]', '{\"1\":\"\\\"answer_1\\\"\",\"2\":\"\\\"answer_1\\\"\",\"3\":\"\",\"4\":\"\",\"5\":\"\",\"6\":\"\",\"7\":\"\",\"8\":\"\",\"9\":\"\",\"10\":\"\"}', 0, '2019-07-20 03:24:15', '2019-07-20 03:24:51'),
(17, 19, '[1,2,3,4,5,6,7,8,9,10]', '{\"1\":\"\\\"answer_1\\\"\",\"2\":\"\\\"answer_1\\\"\",\"3\":\"\",\"4\":\"\",\"5\":\"\",\"6\":\"\",\"7\":\"\",\"8\":\"\",\"9\":\"\",\"10\":\"\"}', 0, '2019-07-20 03:25:29', '2019-07-20 03:25:45'),
(18, 20, '[1,2,3,4,5,6,7,8,9,10]', '{\"1\":\"\\\"answer_1\\\"\",\"2\":\"\\\"answer_2\\\"\",\"3\":\"\",\"4\":\"\",\"5\":\"\",\"6\":\"\",\"7\":\"\",\"8\":\"\",\"9\":\"\",\"10\":\"\"}', 0, '2019-07-20 03:26:50', '2019-07-20 03:27:07'),
(19, 21, '[1,2,3,4,5,6,7,8,9,10]', '{\"1\":\"\\\"answer_1\\\"\",\"2\":\"\\\"answer_2\\\"\",\"3\":\"\",\"4\":\"\",\"5\":\"\",\"6\":\"\",\"7\":\"\",\"8\":\"\",\"9\":\"\",\"10\":\"\\\"answer_4\\\"\"}', 0, '2019-07-20 03:31:10', '2019-07-20 03:31:57'),
(20, 22, '[1,2,3,4,5,6,7,8,9,10]', '{\"1\":\"\\\"answer_1\\\"\",\"2\":\"\\\"answer_4\\\"\",\"3\":\"\",\"4\":\"\",\"5\":\"\",\"6\":\"\",\"7\":\"\",\"8\":\"\",\"9\":\"\",\"10\":\"\"}', 0, '2019-07-20 03:43:25', '2019-07-20 03:43:40'),
(21, 23, '[1,2,3,4,5,6,7,8,9,10]', '{\"1\":\"\\\"answer_2\\\"\",\"2\":\"\\\"answer_2\\\"\",\"3\":\"\",\"4\":\"\",\"5\":\"\",\"6\":\"\",\"7\":\"\",\"8\":\"\",\"9\":\"\",\"10\":\"\"}', 2, '2019-07-20 03:47:48', '2019-07-20 03:48:29'),
(22, 24, '[1,2,3,4,5,6,7,8,9,10]', '{\"1\":\"\\\"answer_2\\\"\",\"2\":\"\\\"answer_4\\\"\",\"3\":\"\\\"answer_1\\\"\",\"4\":\"\",\"5\":\"\",\"6\":\"\",\"7\":\"\",\"8\":\"\",\"9\":\"\",\"10\":\"\"}', 4, '2019-07-20 03:54:20', '2019-07-20 03:54:41'),
(23, 25, '[1,2,3,4,5,6,7,8,9,10]', '{\"1\":\"\\\"answer_4\\\"\",\"2\":\"\\\"answer_4\\\"\",\"3\":\"\",\"4\":\"\",\"5\":\"\",\"6\":\"\",\"7\":\"\",\"8\":\"\",\"9\":\"\",\"10\":\"\"}', 0, '2019-07-20 03:57:27', '2019-07-20 03:57:43'),
(24, 26, '[1,2,3,4,5,6,7,8,9,10]', '{\"1\":\"\\\"answer_3\\\"\",\"2\":\"\\\"answer_2\\\"\",\"3\":\"\",\"4\":\"\",\"5\":\"\",\"6\":\"\",\"7\":\"\",\"8\":\"\",\"9\":\"\",\"10\":\"\"}', 0, '2019-07-20 04:01:38', '2019-07-20 04:01:52');

-- --------------------------------------------------------

--
-- Table structure for table `users`
--

CREATE TABLE `users` (
  `id` bigint(20) UNSIGNED NOT NULL,
  `name` varchar(255) COLLATE utf8mb4_unicode_ci NOT NULL,
  `email` varchar(255) COLLATE utf8mb4_unicode_ci NOT NULL,
  `email_verified_at` timestamp NULL DEFAULT NULL,
  `password` varchar(255) COLLATE utf8mb4_unicode_ci NOT NULL,
  `remember_token` varchar(100) COLLATE utf8mb4_unicode_ci DEFAULT NULL,
  `created_at` timestamp NULL DEFAULT NULL,
  `updated_at` timestamp NULL DEFAULT NULL
) ENGINE=InnoDB DEFAULT CHARSET=utf8mb4 COLLATE=utf8mb4_unicode_ci;

--
-- Dumping data for table `users`
--

INSERT INTO `users` (`id`, `name`, `email`, `email_verified_at`, `password`, `remember_token`, `created_at`, `updated_at`) VALUES
(2, 'sid', 'sid@gmail.com', NULL, '$2y$10$.Ih7y6tFiu5htods4rnZdeVcaNM33LLAxIjQ0vssoi76aVPiWKcHy', NULL, '2019-07-16 12:59:42', '2019-07-16 12:59:42'),
(3, 'Souptik', 'souptik.swadesh@gmail.com', NULL, '$2y$10$hmnwoMYnn1ccW8p/k8LuiOC9Y40t/b/lmlCO7cRBFQhumu4hNdh72', NULL, '2019-07-16 13:01:33', '2019-07-16 13:01:33'),
(4, 'Anuvab', 'anuvab@gmail.com', NULL, '$2y$10$0UoEjsBpT.ih8NtEWPz3K.n7hctnDUujIaTZQXkPl5RsnlYqOHxOW', NULL, '2019-07-16 12:39:41', '2019-07-16 12:39:41'),
(5, 'ddd', 'dd@gmail.com', NULL, '$2y$10$UPXBMBn/3ndnFUt7nJNyae50jYM.eVl1KXcvXVaSMIivcR6rscY62', NULL, '2019-07-16 12:50:59', '2019-07-16 12:50:59'),
(6, 'test', 'test@gmail.com', NULL, '$2y$10$g6R7mUiry9k4JICWL4noF.mCUMkQFWR1ekzzRE3740Qz76FTV.s7e', NULL, '2019-07-16 12:56:55', '2019-07-16 12:56:55'),
(7, 'fff', 'fff@gmail.com', NULL, '$2y$10$IYvW1hBncebsS2WvtRFMFuGldow7D1HwVC5u82hp3NMvDKczENbC.', NULL, '2019-07-16 13:01:18', '2019-07-16 13:01:18'),
(8, 'uuuu', 'uuu@gmail.com', NULL, '$2y$10$EXaQW4AR4sOtnRIFCD95JOGodDiWznwT8wCfNuD4n2kcEK/OVrhra', NULL, '2019-07-16 13:12:49', '2019-07-16 13:12:49'),
(9, 'd', 'fg@gmail.com', NULL, '$2y$10$3.8IMeGslxH8w2xRt4hmleMmpmYZAtsoJE/UXVkcu4qZnqzxh7Dxa', NULL, '2019-07-16 12:27:49', '2019-07-16 12:27:49'),
(10, 'v', 'v@gmail.com', NULL, '$2y$10$rW5ozJartFGbQfCletmpRuydDyr/UeeKP4ll5XayMkNOetyHaO02a', NULL, '2019-07-16 12:46:15', '2019-07-16 12:46:15'),
(11, 'b', 'bn@gmail.com', NULL, '$2y$10$PhAe9PjSkBCgyJqF5DB9UuZGK3I2BpJHTIZCkwCaKyltU2nDEQ4qS', NULL, '2019-07-16 12:52:03', '2019-07-16 12:52:03'),
(12, 'm', 'm@gmail.com', NULL, '$2y$10$LT3QcFbaCEi/liEmcapp.OpndHiXEycXsvm2pgZNi7ADnjX2t196e', NULL, '2019-07-16 12:53:25', '2019-07-16 12:53:25'),
(13, 'ffff', 'hgjgjghjghjg@gmail.com', NULL, '$2y$10$8csA7EeI/EulMDxSARCn3eLLl4PzTbxsIoJe8gg7HrOPxmOi/2ese', NULL, '2019-07-16 12:59:35', '2019-07-16 12:59:35'),
(14, 'y', 'yeti@gmil.com', NULL, '$2y$10$R0XfUOothokdQz.TTgTUce8DmNK.X7dLAt6m0GO.G4U7EbiwGHSwK', NULL, '2019-07-16 13:04:50', '2019-07-16 13:04:50'),
(15, 'vvvv', 'kal@gmail.com', NULL, '$2y$10$DD7LwUNBuKWbJ2Ko2EQ0G.iTVsHTB1a.g7gQrM2NGInKVbNyWxllu', NULL, '2019-07-16 12:23:36', '2019-07-16 12:23:36'),
(16, 'b', 'b@gmail.com', NULL, '$2y$10$WXcqoekcRgRABM7VITGbQOq/jC3FdYKPihLwjSY3JOOKWYArSmo8e', NULL, '2019-07-20 03:04:45', '2019-07-20 03:04:45'),
(17, 'n', 'nn@gmail.com', NULL, '$2y$10$cOdkNhpFccKnFYYUGuMbreT8j7BjmOQ1cVcXkurKgOyGdwdQdTEbC', NULL, '2019-07-20 03:46:11', '2019-07-20 03:46:11'),
(18, 'raj', 'raj@gmail.com', NULL, '$2y$10$/8QGCwVIl4L1ocrVJyj1k.PfTQeCnRCcLJGoywhzOugSmB3ctB9TS', NULL, '2019-07-20 03:23:08', '2019-07-20 03:23:08'),
(19, 'vvv', 'vv@gmail.com', NULL, '$2y$10$maMATTKtA1fjNaOfcuLaIOALBKkO/o0bGzv9ZNAtuu3garArAA/b.', NULL, '2019-07-20 03:25:23', '2019-07-20 03:25:23'),
(20, 'b', 'o@gmail.com', NULL, '$2y$10$wYejKy7bif8qSuXLlGUQRuWMEs3bE/QVixGQ/WonQXHY5YJXIm8fO', NULL, '2019-07-20 03:26:45', '2019-07-20 03:26:45'),
(21, 'gsjgfjs', 'gsajgdasfg@gmail.com', NULL, '$2y$10$BMuNNpTesRQ2DPZ6ONsT7u2RjpJxxccb7Chs4STubiZRmCLfpK3/K', NULL, '2019-07-20 03:31:03', '2019-07-20 03:31:03'),
(22, 'cvcvc', 'cvcvc@gmail.com', NULL, '$2y$10$kyVOSutECsAhDEMJk3NbGOBTBzw20a8DAmtp7nvW1smKnt5BzKuwm', NULL, '2019-07-20 03:43:18', '2019-07-20 03:43:18'),
(23, 'bbb', 'bbbbbbb@gmail.com', NULL, '$2y$10$cCz76NxG066AFUFBhPESo.wJKXcZ5wPBbKEPPq3oYIG2W.3D//wAi', NULL, '2019-07-20 03:47:33', '2019-07-20 03:47:33'),
(24, 'bbb', 'mbmbbm@gmail.com', NULL, '$2y$10$ggq0ju93y9HxNHE1rR/XG.n.i13p1qtiQtTXbVpZ1vE080w4WGiVe', NULL, '2019-07-20 03:54:12', '2019-07-20 03:54:12'),
(25, 'bbnnnnnn', 'ioioioio@gmail.com', NULL, '$2y$10$ZwMlNSBuFujdsenCkCpWCeER6IR3/O8mNC1R7C0kEQJuUgots7VZ6', NULL, '2019-07-20 03:57:18', '2019-07-20 03:57:18'),
(26, 'vvvvvvvvvv', 'nvnvnvnvnvnvn@gmail.com', NULL, '$2y$10$EPWLw8Md/M9pWu74R7ohbeKMKQmp.Rs5qAWMdKcVWOlRtUBGDnYOq', NULL, '2019-07-20 04:01:32', '2019-07-20 04:01:32');

--
-- Indexes for dumped tables
--

--
-- Indexes for table `examscorebook`
--
ALTER TABLE `examscorebook`
  ADD PRIMARY KEY (`id`);

--
-- Indexes for table `exam_result`
--
ALTER TABLE `exam_result`
  ADD PRIMARY KEY (`id`);

--
-- Indexes for table `migrations`
--
ALTER TABLE `migrations`
  ADD PRIMARY KEY (`id`);

--
-- Indexes for table `password_resets`
--
ALTER TABLE `password_resets`
  ADD KEY `password_resets_email_index` (`email`(191));

--
-- Indexes for table `question`
--
ALTER TABLE `question`
  ADD PRIMARY KEY (`id`);

--
-- Indexes for table `result`
--
ALTER TABLE `result`
  ADD PRIMARY KEY (`id`);

--
-- Indexes for table `users`
--
ALTER TABLE `users`
  ADD PRIMARY KEY (`id`);

--
-- AUTO_INCREMENT for dumped tables
--

--
-- AUTO_INCREMENT for table `examscorebook`
--
ALTER TABLE `examscorebook`
  MODIFY `id` int(11) NOT NULL AUTO_INCREMENT, AUTO_INCREMENT=2;

--
-- AUTO_INCREMENT for table `exam_result`
--
ALTER TABLE `exam_result`
  MODIFY `id` int(11) NOT NULL AUTO_INCREMENT, AUTO_INCREMENT=16;

--
-- AUTO_INCREMENT for table `question`
--
ALTER TABLE `question`
  MODIFY `id` int(10) UNSIGNED NOT NULL AUTO_INCREMENT, AUTO_INCREMENT=11;

--
-- AUTO_INCREMENT for table `result`
--
ALTER TABLE `result`
  MODIFY `id` int(10) UNSIGNED NOT NULL AUTO_INCREMENT, AUTO_INCREMENT=25;

--
-- AUTO_INCREMENT for table `users`
--
ALTER TABLE `users`
  MODIFY `id` bigint(20) UNSIGNED NOT NULL AUTO_INCREMENT, AUTO_INCREMENT=27;
COMMIT;

/*!40101 SET CHARACTER_SET_CLIENT=@OLD_CHARACTER_SET_CLIENT */;
/*!40101 SET CHARACTER_SET_RESULTS=@OLD_CHARACTER_SET_RESULTS */;
/*!40101 SET COLLATION_CONNECTION=@OLD_COLLATION_CONNECTION */;
